Year,Month,Zone,Item,Manpower,Target,Sales
2026,January,Agrabad Zone,Atta 1 kg,1,57200,"56,232.00"
2026,January,Agrabad Zone,Atta 5 kg,1,57200,"5,412.00"
2026,January,Agrabad Zone,Brown Atta 1 kg,1,57200,"8,550.00"
2026,January,Agrabad Zone,Chinigura Premium 1 kg (T),1,57200,"11,310.00"
2026,January,Agrabad Zone,Essential Mustard Oil 16 Kg Tin,1,57200,"16,200.00"
2026,January,Agrabad Zone,Iodized Salt 1 kg,1,57200,"5,996.50"
2026,January,Agrabad Zone,Iodized Salt 500gm,1,57200,"9,187.50"
2026,January,Agrabad Zone,Katari Najir 10 kg (T),1,57200,"3,680.00"
2026,January,Agrabad Zone,Katari Najir 5 kg (T),1,57200,"3,720.00"
2026,January,Agrabad Zone,Lachcha Semai 200gm (C),1,57200,"5,472.00"
2026,January,Agrabad Zone,Maida 1 kg,1,57200,"7,140.00"
2026,January,Agrabad Zone,Maida 25 kg (C),1,57200,"4,840.00"
2026,January,Agrabad Zone,Miniket 5 kg (T),1,57200,450.00
2026,January,Agrabad Zone,Mustard oil 1000 ML,1,57200,584.00
2026,January,Agrabad Zone,Mustard oil 200 ML,1,57200,375.00
2026,January,Agrabad Zone,Mustard oil 500 ML,1,57200,453.00
2026,January,Agrabad Zone,Mustard oil 80 ML,1,57200,318.00
2026,January,Agrabad Zone,Suji 500 g,1,57200,"4,292.00"
2026,January,Bagerhat Zone,Atta 1 kg,1,56160,"1,188.00"
2026,January,Bagerhat Zone,Atta 5 kg,1,56160,"1,230.00"
2026,January,Bagerhat Zone,Iodized Salt 1 kg,1,56160,335.00
2026,January,Barishal Zone,Atta 1 kg,1,133120,247.50
2026,January,Chakbazar Zone,Atta 1 kg,1,72800,594.00
2026,January,Chakbazar Zone,Brown Atta 1 kg,1,72800,684.00
2026,January,Cumilla North Zone,Atta 1 kg,1,21840,"19,008.00"
2026,January,Cumilla North Zone,Atta 2 kg,2,21840,"4,214.00"
2026,January,Cumilla North Zone,Atta 5 kg,1,21840,"4,920.00"
2026,January,Cumilla North Zone,Biryani Masala 40gm (C),1,21840,300.00
2026,January,Cumilla North Zone,Brown Atta 1 kg,2,21840,"4,104.00"
2026,January,Cumilla North Zone,Chinigura Premium 1 kg (T),1,21840,"3,190.00"
2026,January,Cumilla North Zone,Essential Mustard Oil 16 Kg Tin,1,21840,"3,240.00"
2026,January,Cumilla North Zone,Essential Puffed Rice 400 Gm,1,21840,864.00
2026,January,Cumilla North Zone,Katari Najir 10 kg (T),1,21840,"3,680.00"
2026,January,Cumilla North Zone,Roast Masala 35gm (C),1,21840,330.00
2026,January,Cumilla North Zone,Suji 500 g,1,21840,888.00
2026,January,Dhanmondi Zone,Atta 2 kg,1,116480,"1,176.00"
2026,January,Dhanmondi Zone,Brown Atta 2 kg,1,116480,"1,320.00"
2026,January,Feni Zone,Atta 1 kg,3,49920,"9,751.50"
2026,January,Feni Zone,Atta 2 kg,3,49920,"3,528.00"
2026,January,Feni Zone,Atta 5 kg,2,49920,"12,300.00"
2026,January,Feni Zone,Biryani Masala 40gm (C),1,49920,600.00
2026,January,Feni Zone,Brown Atta 1 kg,3,49920,"3,192.00"
2026,January,Feni Zone,Chicken Masala 100gm (C),2,49920,"1,141.00"
2026,January,Feni Zone,Essential Miniket 10 kg(T),1,49920,890.00
2026,January,Feni Zone,Essential Puffed Rice 400 Gm,3,49920,"4,050.00"
2026,January,Feni Zone,Iodized Salt 1 kg,3,49920,"1,072.00"
2026,January,Feni Zone,Iodized Salt 500gm,1,49920,875.00
2026,January,Feni Zone,Lachcha Semai 200gm (C),3,49920,"1,672.00"
2026,January,Feni Zone,Maida 1 kg,2,49920,"2,320.50"
2026,January,Feni Zone,Mustard oil 200 ML,1,49920,125.00
2026,January,Feni Zone,Mustard oil 500 ML,2,49920,453.00
2026,January,Feni Zone,Mustard oil 80 ML,3,49920,795.00
2026,January,Feni Zone,Premium Basmati 1 kg (T),1,49920,"1,050.00"
2026,January,Feni Zone,Red Lentil 1 kg,1,49920,228.00
2026,January,Feni Zone,Suji 500 g,2,49920,"3,182.00"
2026,January,Gazipur Zone,Atta 1 kg,1,83200,"2,376.00"
2026,January,Gazipur Zone,Brown Atta 1 kg,1,83200,342.00
2026,January,Gazipur Zone,Essential Puffed Rice 400 Gm,1,83200,162.00
2026,January,Gazipur Zone,Maida 1 kg,1,83200,357.00
2026,January,Gazipur Zone,Premium Basmati 1 kg (T),1,83200,"1,050.00"
2026,January,Jatrabari Zone,Atta 1 kg,1,99840,297.00
2026,January,Jatrabari Zone,Atta 2 kg,1,99840,980.00
2026,January,Jatrabari Zone,Essential Miniket 10 kg(T),1,99840,880.00
2026,January,Jatrabari Zone,Essential Puffed Rice 400 Gm,1,99840,270.00
2026,January,Keraniganj Zone,Atta 1 kg,1,56160,247.50
2026,January,Keraniganj Zone,Katari Najir 5 kg (T),1,56160,455.00
2026,January,Madaripur Zone,Atta 1 kg,3,112320,"87,615.00"
2026,January,Madaripur Zone,Atta 2 kg,2,112320,"32,928.00"
2026,January,Madaripur Zone,Atta 5 kg,3,112320,"50,184.00"
2026,January,Madaripur Zone,Biryani Masala 40gm (C),1,112320,300.00
2026,January,Madaripur Zone,Brown Atta 1 kg,2,112320,"6,954.00"
2026,January,Madaripur Zone,Chinigura Premium 1 kg (T),2,112320,"12,170.00"
2026,January,Madaripur Zone,Deshi Basmoti 5 Kg (T),1,112320,"5,555.00"
2026,January,Madaripur Zone,Essential Mustard Oil 16 Kg Tin,1,112320,"9,720.00"
2026,January,Madaripur Zone,Essential Mustard Oil 8 Kg Tin,1,112320,"1,690.00"
2026,January,Madaripur Zone,Essential Puffed Rice 400 Gm,1,112320,648.00
2026,January,Madaripur Zone,Iodized Salt 1 kg,2,112320,"6,700.00"
2026,January,Madaripur Zone,Iodized Salt 500gm,1,112320,875.00
2026,January,Madaripur Zone,Maida 1 kg,1,112320,"2,499.00"
2026,January,Madaripur Zone,Miniket 5 kg (T),1,112320,"8,100.00"
2026,January,Madaripur Zone,Mustard oil 500 ML,1,112320,906.00
2026,January,Madaripur Zone,Mustard oil 80 ML,1,112320,"1,696.00"
2026,January,Madaripur Zone,Premium Basmati 1 kg (T),1,112320,350.00
2026,January,Madaripur Zone,Suji 500 g,3,112320,"6,290.00"
2026,January,Madaripur Zone,Tea LEAF 500 gm,1,112320,"1,320.00"
2026,January,Mawna Zone,Atta 1 kg,2,49920,"7,128.00"
2026,January,Mawna Zone,Atta 2 kg,1,49920,"1,764.00"
2026,January,Mawna Zone,Atta 5 kg,1,49920,"1,230.00"
2026,January,Mawna Zone,Brown Atta 1 kg,1,49920,684.00
2026,January,Mawna Zone,Maida 1 kg,1,49920,357.00
2026,January,Mawna Zone,Suji 500 g,1,49920,222.00
2026,January,Mirpur Zone,Katari Najir 5 kg (T),1,93600,930.00
2026,January,Patuakhali Zone,Atta 1 kg,1,33280,"1,188.00"
2026,January,Patuakhali Zone,Brown Atta 1 kg,1,33280,"1,026.00"
2026,January,Patuakhali Zone,Essential Mustard Oil 16 Kg Tin,1,33280,"22,680.00"
2026,January,Patuakhali Zone,Essential Mustard Oil 8 Kg Tin,1,33280,"10,140.00"
2026,January,Patuakhali Zone,Suji 500 g,1,33280,"1,110.00"
2026,January,Patuakhali Zone,Tea LEAF 500 gm,1,33280,330.00
2026,January,Sylhet Zone,Atta 1 kg,1,158080,297.00
2026,January,Uttara Zone,Atta 1 kg,3,87360,"30,690.00"
2026,January,Uttara Zone,Atta 2 kg,3,87360,"53,410.00"
2026,January,Uttara Zone,Atta 5 kg,1,87360,"2,460.00"
2026,January,Uttara Zone,Biryani Masala 40gm (C),1,87360,"1,250.00"
2026,January,Uttara Zone,Brown Atta 1 kg,2,87360,"25,308.00"
2026,January,Uttara Zone,Brown Atta 2 kg,1,87360,"5,287.50"
2026,January,Uttara Zone,Chinigura Premium 1 kg (T),3,87360,"103,210.00"
2026,January,Uttara Zone,Deshi Basmoti 5 Kg (T),2,87360,"13,120.00"
2026,January,Uttara Zone,Essential Miniket 10 kg(T),2,87360,"12,450.00"
2026,January,Uttara Zone,Essential Mustard Oil 16 Kg Tin,1,87360,"6,480.00"
2026,January,Uttara Zone,Essential Mustard Oil 8 Kg Tin,1,87360,"6,760.00"
2026,January,Uttara Zone,Essential Puffed Rice 400 Gm,3,87360,"15,012.00"
2026,January,Uttara Zone,Gram flour 500gm (C),1,87360,420.00
2026,January,Uttara Zone,Iodized Salt 1 kg,2,87360,"9,581.00"
2026,January,Uttara Zone,Iodized Salt 500gm,1,87360,"2,625.00"
2026,January,Uttara Zone,Katari Najir 10 kg (T),2,87360,"10,120.00"
2026,January,Uttara Zone,Katari Najir 5 kg (T),1,87360,"22,290.00"
2026,January,Uttara Zone,Lachcha Semai 200gm (C),2,87360,"7,600.00"
2026,January,Uttara Zone,Maida 1 kg,2,87360,"13,090.00"
2026,January,Uttara Zone,Maida 2 kg,2,87360,"2,006.00"
2026,January,Uttara Zone,Miniket 5 kg (T),1,87360,"1,350.00"
2026,January,Uttara Zone,Mustard oil 1000 ML,2,87360,"13,432.00"
2026,January,Uttara Zone,Mustard oil 200 ML,1,87360,937.50
2026,January,Uttara Zone,Mustard oil 250 ML,1,87360,"1,386.00"
2026,January,Uttara Zone,Mustard oil 500 ML,2,87360,"7,852.00"
2026,January,Uttara Zone,Mustard oil 80 ML,2,87360,"7,552.50"
2026,January,Uttara Zone,Paijam 25 kg (C),1,87360,"1,580.00"
2026,January,Uttara Zone,Premium Basmati 1 kg (T),2,87360,"2,450.00"
2026,January,Uttara Zone,Premium katari Ghee Bhog 5 kg (T),2,87360,"1,485.00"
2026,January,Uttara Zone,Red Lentil 1 kg,2,87360,"1,710.00"
2026,January,Uttara Zone,Suji 500 g,2,87360,"12,136.00"
2026,January,Uttara Zone,Tea LEAF 500 gm,1,87360,"4,620.00"
2026,February,Agrabad Zone,Atta 1 kg,2,57200,"233,506.50"
2026,February,Agrabad Zone,Atta 2 kg,1,57200,510.00
2026,February,Agrabad Zone,Atta 25 kg,1,57200,"18,400.00"
2026,February,Agrabad Zone,Atta 5 kg,2,57200,"40,590.00"
2026,February,Agrabad Zone,Biryani Masala 40gm (C),1,57200,"3,100.00"
2026,February,Agrabad Zone,Brown Atta 1 kg,2,57200,"45,486.00"
2026,February,Agrabad Zone,Chicken Masala 100gm (C),1,57200,"3,912.00"
2026,February,Agrabad Zone,Chinigura Premium 1 kg (T),2,57200,"273,244.00"
2026,February,Agrabad Zone,Essential Miniket 10 kg(T),1,57200,900.00
2026,February,Agrabad Zone,Essential Mustard Oil 16 Kg Tin,2,57200,"240,200.00"
2026,February,Agrabad Zone,Essential Mustard Oil 8 Kg Tin,2,57200,"152,090.00"
2026,February,Agrabad Zone,Essential Puffed Rice 400 Gm,1,57200,"19,710.00"
2026,February,Agrabad Zone,Iodized Salt 1 kg,2,57200,"59,563.00"
2026,February,Agrabad Zone,Iodized Salt 500gm,2,57200,"15,592.50"
2026,February,Agrabad Zone,Katari Najir 10 kg (T),1,57200,"1,880.00"
2026,February,Agrabad Zone,Katari Najir 5 kg (T),2,57200,"12,815.00"
2026,February,Agrabad Zone,Lachcha Semai 200gm (C),2,57200,"58,330.00"
2026,February,Agrabad Zone,Lentil Medium- 25 Kg (C),2,57200,"77,420.00"
2026,February,Agrabad Zone,Maida 1 kg,2,57200,"87,736.00"
2026,February,Agrabad Zone,Maida 25 kg (C),2,57200,"97,500.00"
2026,February,Agrabad Zone,Meat Masala 100gm (C),1,57200,"2,184.00"
2026,February,Agrabad Zone,Miniket 5 kg (T),2,57200,"8,595.00"
2026,February,Agrabad Zone,Mustard Oil 5 Liter,1,57200,"1,130.00"
2026,February,Agrabad Zone,Mustard oil 1000 ML,2,57200,"14,600.00"
2026,February,Agrabad Zone,Mustard oil 200 ML,2,57200,"7,812.50"
2026,February,Agrabad Zone,Mustard oil 250 ML,1,57200,"16,093.00"
2026,February,Agrabad Zone,Mustard oil 500 ML,2,57200,"7,852.00"
2026,February,Agrabad Zone,Mustard oil 80 ML,2,57200,"16,615.50"
2026,February,Agrabad Zone,Premium Basmati 1 kg (T),2,57200,"5,250.00"
2026,February,Agrabad Zone,Premium katari Ghee Bhog 5 kg (T),1,57200,"9,405.00"
2026,February,Agrabad Zone,Red Lentil 1 kg,1,57200,"4,104.00"
2026,February,Agrabad Zone,Suji 500 g,2,57200,"64,565.00"
2026,February,Agrabad Zone,Tea LEAF 500 gm,1,57200,990.00
2026,February,Bagerhat Zone,Atta 1 kg,7,56160,"526,614.00"
2026,February,Bagerhat Zone,Atta 2 kg,2,56160,"10,550.00"
2026,February,Bagerhat Zone,Atta 25 kg,3,56160,"13,800.00"
2026,February,Bagerhat Zone,Atta 5 kg,2,56160,"12,300.00"
2026,February,Bagerhat Zone,Biryani Masala 40gm (C),4,56160,"14,750.00"
2026,February,Bagerhat Zone,Brown Atta 1 kg,7,56160,"102,372.00"
2026,February,Bagerhat Zone,Chicken Masala 100gm (C),1,56160,"2,608.00"
2026,February,Bagerhat Zone,Chinigura Premium 1 kg (T),6,56160,"584,513.00"
2026,February,Bagerhat Zone,Deshi Basmoti 5 Kg (T),7,56160,"69,185.00"
2026,February,Bagerhat Zone,Essential Miniket 10 kg(T),3,56160,"15,300.00"
2026,February,Bagerhat Zone,Essential Mustard Oil 16 Kg Tin,6,56160,"461,200.00"
2026,February,Bagerhat Zone,Essential Mustard Oil 8 Kg Tin,6,56160,"625,320.00"
2026,February,Bagerhat Zone,Essential Puffed Rice 400 Gm,6,56160,"11,340.00"
2026,February,Bagerhat Zone,Essentials Chili Powder 5 Kg,1,56160,"4,875.00"
2026,February,Bagerhat Zone,Essentials Turmeric Powder 5 Kg,1,56160,"1,625.00"
2026,February,Bagerhat Zone,Iodized Salt 1 kg,5,56160,"187,767.50"
2026,February,Bagerhat Zone,Iodized Salt 500gm,4,56160,"116,217.50"
2026,February,Bagerhat Zone,Katari Najir 10 kg (T),2,56160,"9,400.00"
2026,February,Bagerhat Zone,Katari Najir 5 kg (T),7,56160,"78,770.00"
2026,February,Bagerhat Zone,Lachcha Semai 200gm (C),5,56160,"166,060.00"
2026,February,Bagerhat Zone,Maida 1 kg,7,56160,"94,169.00"
2026,February,Bagerhat Zone,Maida 25 kg (C),1,56160,"1,300.00"
2026,February,Bagerhat Zone,Meat Masala 100gm (C),2,56160,756.00
2026,February,Bagerhat Zone,Miniket 5 kg (T),6,56160,"62,765.00"
2026,February,Bagerhat Zone,Mustard Oil 5 Liter,2,56160,"2,260.00"
2026,February,Bagerhat Zone,Mustard oil 1000 ML,5,56160,"11,096.00"
2026,February,Bagerhat Zone,Mustard oil 200 ML,5,56160,"41,375.00"
2026,February,Bagerhat Zone,Mustard oil 250 ML,4,56160,"61,908.00"
2026,February,Bagerhat Zone,Mustard oil 500 ML,6,56160,"68,252.00"
2026,February,Bagerhat Zone,Mustard oil 80 ML,6,56160,"49,237.00"
2026,February,Bagerhat Zone,Premium Basmati 1 kg (T),5,56160,"20,650.00"
2026,February,Bagerhat Zone,Premium katari Ghee Bhog 5 kg (T),2,56160,"2,475.00"
2026,February,Bagerhat Zone,Red Lentil 1 kg,1,56160,570.00
2026,February,Bagerhat Zone,Roast Masala 35gm (C),1,56160,110.00
2026,February,Bagerhat Zone,Suji 200 g,6,56160,"30,240.00"
2026,February,Bagerhat Zone,Suji 500 g,7,56160,"54,908.00"
2026,February,Bagerhat Zone,Tea DUST 500 gm,2,56160,"15,210.00"
2026,February,Bagerhat Zone,Tea LEAF 500 gm,2,56160,"20,790.00"
2026,February,Barishal Zone,Atta 1 kg,8,133120,"539,124.00"
2026,February,Barishal Zone,Atta 2 kg,5,133120,"68,376.00"
2026,February,Barishal Zone,Atta 25 kg,1,133120,"5,750.00"
2026,February,Barishal Zone,Atta 5 kg,5,133120,"122,508.00"
2026,February,Barishal Zone,Biryani Masala 40gm (C),5,133120,"7,050.00"
2026,February,Barishal Zone,Brown Atta 1 kg,7,133120,"115,425.00"
2026,February,Barishal Zone,Chicken Masala 100gm (C),3,133120,"6,031.00"
2026,February,Barishal Zone,Chinigura Premium 1 kg (T),8,133120,"506,117.00"
2026,February,Barishal Zone,Deshi Basmoti 5 Kg (T),4,133120,"46,460.00"
2026,February,Barishal Zone,Essential Miniket 10 kg(T),2,133120,"7,190.00"
2026,February,Barishal Zone,Essential Mustard Oil 16 Kg Tin,8,133120,"1,658,240.00"
2026,February,Barishal Zone,Essential Mustard Oil 8 Kg Tin,7,133120,"422,810.00"
2026,February,Barishal Zone,Essentials Chili Powder 5 Kg,3,133120,"33,585.00"
2026,February,Barishal Zone,Iodized Salt 1 kg,8,133120,"228,101.50"
2026,February,Barishal Zone,Iodized Salt 500gm,2,133120,"13,545.00"
2026,February,Barishal Zone,Katari Najir 10 kg (T),1,133120,940.00
2026,February,Barishal Zone,Katari Najir 5 kg (T),7,133120,"56,455.00"
2026,February,Barishal Zone,Lachcha Semai 200gm (C),5,133120,"48,868.00"
2026,February,Barishal Zone,Lentil Medium- 25 Kg (C),1,133120,"15,540.00"
2026,February,Barishal Zone,Maida 1 kg,7,133120,"61,487.50"
2026,February,Barishal Zone,Maida 25 kg (C),4,133120,"49,400.00"
2026,February,Barishal Zone,Meat Masala 100gm (C),2,133120,"5,796.00"
2026,February,Barishal Zone,Miniket 25 kg (C),1,133120,"40,500.00"
2026,February,Barishal Zone,Miniket 5 kg (T),7,133120,"79,590.00"
2026,February,Barishal Zone,Mustard Oil 5 Liter,7,133120,"49,720.00"
2026,February,Barishal Zone,Mustard Oil 8 Liter,3,133120,"18,010.00"
2026,February,Barishal Zone,Mustard oil 1000 ML,6,133120,"14,892.00"
2026,February,Barishal Zone,Mustard oil 200 ML,8,133120,"37,000.00"
2026,February,Barishal Zone,Mustard oil 500 ML,7,133120,"22,650.00"
2026,February,Barishal Zone,Mustard oil 80 ML,7,133120,"42,691.50"
2026,February,Barishal Zone,Premium Basmati 1 kg (T),3,133120,"12,950.00"
2026,February,Barishal Zone,Premium katari Ghee Bhog 5 kg (T),2,133120,"3,465.00"
2026,February,Barishal Zone,Roast Masala 35gm (C),5,133120,"5,665.00"
2026,February,Barishal Zone,Suji 500 g,7,133120,"90,021.00"
2026,February,Barishal Zone,Tea DUST 500 gm,4,133120,"38,805.00"
2026,February,Barishal Zone,Tea LEAF 500 gm,6,133120,"49,170.00"
2026,February,Bhola Zone,Atta 1 kg,5,41600,"341,907.00"
2026,February,Bhola Zone,Atta 25 kg,4,41600,"60,950.00"
2026,February,Bhola Zone,Atta 5 kg,3,41600,"5,904.00"
2026,February,Bhola Zone,Biryani Masala 40gm (C),4,41600,"9,200.00"
2026,February,Bhola Zone,Brown Atta 1 kg,5,41600,"30,951.00"
2026,February,Bhola Zone,Chicken Masala 100gm (C),4,41600,"3,015.50"
2026,February,Bhola Zone,Chinigura Premium 1 kg (T),4,41600,"59,555.00"
2026,February,Bhola Zone,Essential Mustard Oil 16 Kg Tin,5,41600,"512,080.00"
2026,February,Bhola Zone,Essential Mustard Oil 8 Kg Tin,4,41600,"205,510.00"
2026,February,Bhola Zone,Essential Puffed Rice 400 Gm,3,41600,"4,860.00"
2026,February,Bhola Zone,Essentials Chili Powder 5 Kg,1,41600,"1,625.00"
2026,February,Bhola Zone,Iodized Salt 1 kg,5,41600,"177,282.00"
2026,February,Bhola Zone,Iodized Salt 500gm,2,41600,822.50
2026,February,Bhola Zone,Katari Najir 5 kg (T),4,41600,"9,005.00"
2026,February,Bhola Zone,Lachcha Semai 200gm (C),5,41600,"128,174.00"
2026,February,Bhola Zone,Lentil Medium- 25 Kg (C),2,41600,"8,920.00"
2026,February,Bhola Zone,Maida 1 kg,5,41600,"30,091.50"
2026,February,Bhola Zone,Maida 25 kg (C),2,41600,"13,000.00"
2026,February,Bhola Zone,Meat Masala 100gm (C),3,41600,"3,360.00"
2026,February,Bhola Zone,Miniket 5 kg (T),5,41600,"25,915.00"
2026,February,Bhola Zone,Mustard Oil 8 Liter,2,41600,"8,470.00"
2026,February,Bhola Zone,Mustard oil 1000 ML,3,41600,"18,980.00"
2026,February,Bhola Zone,Mustard oil 200 ML,5,41600,"37,937.50"
2026,February,Bhola Zone,Mustard oil 500 ML,5,41600,"8,909.00"
2026,February,Bhola Zone,Mustard oil 80 ML,5,41600,"41,923.00"
2026,February,Bhola Zone,Premium Basmati 1 kg (T),2,41600,"6,650.00"
2026,February,Bhola Zone,Premium katari Ghee Bhog 5 kg (T),1,41600,990.00
2026,February,Bhola Zone,Red Lentil 1 kg,1,41600,"2,166.00"
2026,February,Bhola Zone,Roast Masala 35gm (C),4,41600,"7,425.00"
2026,February,Bhola Zone,Suji 500 g,5,41600,"162,837.00"
2026,February,Bhola Zone,Tea LEAF 500 gm,3,41600,"11,385.00"
2026,February,Bogura Zone,Atta 1 kg,6,74880,"502,725.00"
2026,February,Bogura Zone,Atta 2 kg,1,74880,812.00
2026,February,Bogura Zone,Atta 5 kg,2,74880,"12,792.00"
2026,February,Bogura Zone,Biryani Masala 40gm (C),3,74880,"5,250.00"
2026,February,Bogura Zone,Brown Atta 1 kg,6,74880,"127,110.00"
2026,February,Bogura Zone,Chicken Masala 100gm (C),2,74880,"3,993.50"
2026,February,Bogura Zone,Chinigura Premium 1 kg (T),5,74880,"228,559.00"
2026,February,Bogura Zone,Essential Mustard Oil 16 Kg Tin,3,74880,"108,840.00"
2026,February,Bogura Zone,Essential Mustard Oil 8 Kg Tin,1,74880,"5,030.00"
2026,February,Bogura Zone,Essential Puffed Rice 400 Gm,4,74880,"25,056.00"
2026,February,Bogura Zone,Essentials Turmeric Powder 5 Kg,1,74880,"1,625.00"
2026,February,Bogura Zone,Iodized Salt 1 kg,6,74880,"204,484.00"
2026,February,Bogura Zone,Iodized Salt 500gm,5,74880,"100,065.00"
2026,February,Bogura Zone,Katari Ghee Bhog 25 kg (C),1,74880,"2,200.00"
2026,February,Bogura Zone,Lachcha Semai 200gm (C),4,74880,"25,498.00"
2026,February,Bogura Zone,Maida 1 kg,3,74880,"34,896.00"
2026,February,Bogura Zone,Maida 25 kg (C),1,74880,"1,300.00"
2026,February,Bogura Zone,Meat Masala 100gm (C),2,74880,"1,512.00"
2026,February,Bogura Zone,Mustard oil 1000 ML,2,74880,"5,840.00"
2026,February,Bogura Zone,Mustard oil 200 ML,3,74880,"13,187.50"
2026,February,Bogura Zone,Mustard oil 500 ML,3,74880,"5,587.00"
2026,February,Bogura Zone,Mustard oil 80 ML,4,74880,"34,741.50"
2026,February,Bogura Zone,Premium Basmati 1 kg (T),3,74880,"8,750.00"
2026,February,Bogura Zone,Red Lentil 1 kg,1,74880,570.00
2026,February,Bogura Zone,Roast Masala 35gm (C),1,74880,"1,210.00"
2026,February,Bogura Zone,Suji 200 g,6,74880,"27,616.00"
2026,February,Bogura Zone,Suji 500 g,6,74880,"57,905.00"
2026,February,Brahmanbaria Zone,Atta 1 kg,8,74880,"1,400,830.50"
2026,February,Brahmanbaria Zone,Atta 2 kg,5,74880,"347,449.00"
2026,February,Brahmanbaria Zone,Atta 5 kg,8,74880,"535,050.00"
2026,February,Brahmanbaria Zone,Biryani Masala 40gm (C),7,74880,"13,850.00"
2026,February,Brahmanbaria Zone,Brown Atta 1 kg,8,74880,"130,017.00"
2026,February,Brahmanbaria Zone,Chicken Masala 100gm (C),1,74880,815.00
2026,February,Brahmanbaria Zone,Chinigura Premium 1 kg (T),8,74880,"891,711.00"
2026,February,Brahmanbaria Zone,Essential Miniket 10 kg(T),2,74880,"9,900.00"
2026,February,Brahmanbaria Zone,Essential Mustard Oil 16 Kg Tin,8,74880,"345,760.00"
2026,February,Brahmanbaria Zone,Essential Mustard Oil 8 Kg Tin,4,74880,"68,490.00"
2026,February,Brahmanbaria Zone,Essential Puffed Rice 400 Gm,6,74880,"92,448.00"
2026,February,Brahmanbaria Zone,Essentials Chili Powder 5 Kg,2,74880,"41,470.00"
2026,February,Brahmanbaria Zone,Essentials Turmeric Powder 5 Kg,5,74880,"39,815.00"
2026,February,Brahmanbaria Zone,Iodized Salt 1 kg,8,74880,"1,165,465.00"
2026,February,Brahmanbaria Zone,Iodized Salt 500gm,8,74880,"226,905.00"
2026,February,Brahmanbaria Zone,Katari Ghee Bhog 25 kg (C),1,74880,"2,200.00"
2026,February,Brahmanbaria Zone,Katari Najir 10 kg (T),4,74880,"99,580.00"
2026,February,Brahmanbaria Zone,Katari Najir 25 kg (C),1,74880,"4,120.00"
2026,February,Brahmanbaria Zone,Katari Najir 5 kg (T),7,74880,"44,165.00"
2026,February,Brahmanbaria Zone,Lachcha Semai 200gm (C),7,74880,"71,212.00"
2026,February,Brahmanbaria Zone,Lentil Medium- 25 Kg (C),2,74880,"50,100.00"
2026,February,Brahmanbaria Zone,Maida 1 kg,8,74880,"153,124.50"
2026,February,Brahmanbaria Zone,Maida 25 kg (C),1,74880,"13,000.00"
2026,February,Brahmanbaria Zone,Meat Masala 100gm (C),2,74880,"1,764.00"
2026,February,Brahmanbaria Zone,Miniket 25 kg (C),1,74880,"14,175.00"
2026,February,Brahmanbaria Zone,Miniket 5 kg (T),7,74880,"14,100.00"
2026,February,Brahmanbaria Zone,Mustard Oil 5 Liter,3,74880,"18,080.00"
2026,February,Brahmanbaria Zone,Mustard oil 1000 ML,4,74880,"8,760.00"
2026,February,Brahmanbaria Zone,Mustard oil 200 ML,8,74880,"107,312.50"
2026,February,Brahmanbaria Zone,Mustard oil 250 ML,2,74880,"1,771.00"
2026,February,Brahmanbaria Zone,Mustard oil 500 ML,7,74880,"33,069.00"
2026,February,Brahmanbaria Zone,Mustard oil 80 ML,8,74880,"52,549.50"
2026,February,Brahmanbaria Zone,Premium Basmati 1 kg (T),6,74880,"43,750.00"
2026,February,Brahmanbaria Zone,Premium katari Ghee Bhog 5 kg (T),5,74880,"113,355.00"
2026,February,Brahmanbaria Zone,Red Lentil 1 kg,4,74880,"4,104.00"
2026,March,Agrabad Zone,Atta 1 kg,4,71280,"214,624.00"
2026,March,Agrabad Zone,Atta 25 kg,1,71280,"5,750.00"
2026,March,Agrabad Zone,Atta 5 kg,3,71280,"14,396.00"
2026,March,Agrabad Zone,Biryani Masala 40gm (C),1,71280,700.00
2026,March,Agrabad Zone,Brown Atta 1 kg,4,71280,"44,175.00"
2026,March,Agrabad Zone,Chicken Masala 100gm (C),1,71280,652.00
2026,March,Agrabad Zone,Chickpeas Clean 1 Kg (C),1,71280,920.00
2026,March,Agrabad Zone,Chinigura Premium 1 kg (T),4,71280,"408,477.00"
2026,March,Agrabad Zone,Essential Miniket 10 kg(T),1,71280,"2,640.00"
2026,March,Agrabad Zone,Essential Mustard Oil 16 Kg Tin,4,71280,"380,250.00"
2026,March,Agrabad Zone,Essential Mustard Oil 8 Kg Tin,3,71280,"65,715.00"
2026,March,Agrabad Zone,Essential Puffed Rice 400 Gm,1,71280,"2,376.00"
2026,March,Agrabad Zone,Iodized Salt 1 kg,3,71280,"57,452.50"
2026,March,Agrabad Zone,Iodized Salt 500gm,4,71280,"33,355.00"
2026,March,Agrabad Zone,Katari Najir 5 kg (T),4,71280,"13,650.00"
2026,March,Agrabad Zone,Lachcha Semai 200gm (C),4,71280,"59,850.00"
2026,March,Agrabad Zone,Lentil Medium- 25 Kg (C),1,71280,"41,400.00"
2026,March,Agrabad Zone,Maida 1 kg,3,71280,"86,376.00"
2026,March,Agrabad Zone,Maida 25 kg (C),2,71280,"16,900.00"
2026,March,Agrabad Zone,Meat Masala 100gm (C),1,71280,168.00
2026,March,Agrabad Zone,Miniket 5 kg (T),3,71280,"4,015.00"
2026,March,Agrabad Zone,Mustard Oil 5 Liter,2,71280,"13,440.00"
2026,March,Agrabad Zone,Mustard oil 1000 ML,2,71280,"10,512.00"
2026,March,Agrabad Zone,Mustard oil 200 ML,3,71280,"9,937.50"
2026,March,Agrabad Zone,Mustard oil 250 ML,3,71280,"16,863.00"
2026,March,Agrabad Zone,Mustard oil 500 ML,4,71280,"13,741.00"
2026,March,Agrabad Zone,Mustard oil 80 ML,4,71280,"11,395.00"
2026,March,Agrabad Zone,Premium Basmati 1 kg (T),3,71280,"10,150.00"
2026,March,Agrabad Zone,Premium katari Ghee Bhog 5 kg (T),1,71280,"4,950.00"
2026,March,Agrabad Zone,Red Lentil 1 kg,3,71280,"21,774.00"
2026,March,Agrabad Zone,Roast Masala 35gm (C),1,71280,550.00
2026,March,Agrabad Zone,Suji 500 g,4,71280,"53,613.00"
2026,March,Agrabad Zone,Tea LEAF 500 gm,1,71280,"1,320.00"
2026,March,Bagerhat Zone,Atta 1 kg,7,58320,"457,095.00"
2026,March,Bagerhat Zone,Atta 2 kg,2,58320,"2,352.00"
2026,March,Bagerhat Zone,Atta 5 kg,2,58320,"11,966.00"
2026,March,Bagerhat Zone,Biryani Masala 40gm (C),4,58320,"9,000.00"
2026,March,Bagerhat Zone,Brown Atta 1 kg,5,58320,"40,185.00"
2026,March,Bagerhat Zone,Chicken Masala 100gm (C),2,58320,"2,852.50"
2026,March,Bagerhat Zone,Chinigura Premium 1 kg (T),7,58320,"924,601.00"
2026,March,Bagerhat Zone,Deshi Basmoti 5 Kg (T),7,58320,"107,080.00"
2026,March,Bagerhat Zone,Essential Miniket 10 kg(T),2,58320,"18,680.00"
2026,March,Bagerhat Zone,Essential Mustard Oil 16 Kg Tin,7,58320,"725,550.00"
2026,March,Bagerhat Zone,Essential Mustard Oil 8 Kg Tin,7,58320,"676,905.00"
2026,March,Bagerhat Zone,Essential Puffed Rice 400 Gm,5,58320,"16,200.00"
2026,March,Bagerhat Zone,Essentials Chili Powder 5 Kg,3,58320,"23,030.00"
2026,March,Bagerhat Zone,Essentials Turmeric Powder 5 Kg,2,58320,"9,390.00"
2026,March,Bagerhat Zone,Iodized Salt 1 kg,6,58320,"160,498.50"
2026,March,Bagerhat Zone,Iodized Salt 500gm,6,58320,"85,767.50"
2026,March,Bagerhat Zone,Katari Najir 10 kg (T),2,58320,"5,520.00"
2026,March,Bagerhat Zone,Katari Najir 5 kg (T),7,58320,"93,175.00"
2026,March,Bagerhat Zone,Lachcha Semai 200gm (C),5,58320,"223,098.00"
2026,March,Bagerhat Zone,Maida 1 kg,7,58320,"71,154.00"
2026,March,Bagerhat Zone,Maida 25 kg (C),1,58320,"1,300.00"
2026,March,Bagerhat Zone,Meat Masala 100gm (C),1,58320,252.00
2026,March,Bagerhat Zone,Miniket 5 kg (T),6,58320,"87,390.00"
2026,March,Bagerhat Zone,Mustard Oil 5 Liter,3,58320,"17,920.00"
2026,March,Bagerhat Zone,Mustard Oil 8 Liter,1,58320,"25,880.00"
2026,March,Bagerhat Zone,Mustard oil 1000 ML,4,58320,"14,308.00"
2026,March,Bagerhat Zone,Mustard oil 200 ML,5,58320,"45,187.50"
2026,March,Bagerhat Zone,Mustard oil 250 ML,4,58320,"43,197.00"
2026,March,Bagerhat Zone,Mustard oil 500 ML,7,58320,"26,727.00"
2026,March,Bagerhat Zone,Mustard oil 80 ML,6,58320,"55,941.50"
2026,March,Bagerhat Zone,Premium Basmati 1 kg (T),4,58320,"37,450.00"
2026,March,Bagerhat Zone,Premium katari Ghee Bhog 5 kg (T),2,58320,"2,970.00"
2026,March,Bagerhat Zone,Red Lentil 1 kg,1,58320,"1,938.00"
2026,March,Bagerhat Zone,Roast Masala 35gm (C),1,58320,880.00
2026,March,Bagerhat Zone,Suji 200 g,6,58320,"17,712.00"
2026,March,Bagerhat Zone,Suji 500 g,6,58320,"75,628.00"
2026,March,Bagerhat Zone,Tea DUST 500 gm,2,58320,"13,650.00"
2026,March,Bagerhat Zone,Tea LEAF 500 gm,3,58320,"13,530.00"
2026,March,Barishal Zone,Atta 1 kg,8,155520,"476,081.00"
2026,March,Barishal Zone,Atta 2 kg,6,155520,"99,643.00"
2026,March,Barishal Zone,Atta 25 kg,1,155520,"1,150.00"
2026,March,Barishal Zone,Atta 5 kg,6,155520,"135,478.00"
2026,March,Barishal Zone,Biryani Masala 40gm (C),5,155520,"15,800.00"
2026,March,Barishal Zone,Brown Atta 1 kg,6,155520,"53,808.00"
2026,March,Barishal Zone,Chicken Masala 100gm (C),1,155520,"1,467.00"
2026,March,Barishal Zone,Chinigura Premium 1 kg (T),8,155520,"847,577.00"
2026,March,Barishal Zone,Deshi Basmoti 5 Kg (T),6,155520,"40,330.00"
2026,March,Barishal Zone,Essential Miniket 10 kg(T),5,155520,"27,565.00"
2026,March,Barishal Zone,Essential Mustard Oil 16 Kg Tin,8,155520,"1,656,000.00"
2026,March,Barishal Zone,Essential Mustard Oil 8 Kg Tin,7,155520,"295,110.00"
2026,March,Barishal Zone,Essentials Chili Powder 5 Kg,1,155520,"13,160.00"
2026,March,Barishal Zone,Essentials Turmeric Powder 5 Kg,1,155520,"15,650.00"
2026,March,Barishal Zone,Iodized Salt 1 kg,8,155520,"211,418.50"
2026,March,Barishal Zone,Iodized Salt 500gm,2,155520,"10,447.50"
2026,March,Barishal Zone,Katari Najir 10 kg (T),1,155520,"4,450.00"
2026,March,Barishal Zone,Katari Najir 5 kg (T),6,155520,"63,550.00"
2026,March,Barishal Zone,Lachcha Semai 200gm (C),5,155520,"61,826.00"
2026,March,Barishal Zone,Lentil Medium- 25 Kg (C),1,155520,"20,700.00"
2026,March,Barishal Zone,Maida 1 kg,6,155520,"35,223.00"
2026,March,Barishal Zone,Maida 25 kg (C),2,155520,"63,700.00"
2026,March,Barishal Zone,Meat Masala 100gm (C),4,155520,"4,452.00"
2026,March,Barishal Zone,Miniket 25 kg (C),1,155520,"8,100.00"
2026,March,Barishal Zone,Miniket 5 kg (T),7,155520,"107,850.00"
2026,March,Barishal Zone,Mustard Oil 5 Liter,6,155520,"49,290.00"
2026,March,Barishal Zone,Mustard Oil 8 Liter,2,155520,"3,300.00"
2026,March,Barishal Zone,Mustard oil 1000 ML,6,155520,"15,184.00"
2026,March,Barishal Zone,Mustard oil 200 ML,7,155520,"43,187.50"
2026,March,Barishal Zone,Mustard oil 500 ML,7,155520,"19,932.00"
2026,March,Barishal Zone,Mustard oil 80 ML,7,155520,"54,484.00"
2026,March,Barishal Zone,Premium Basmati 1 kg (T),4,155520,"16,100.00"
2026,March,Barishal Zone,Premium katari Ghee Bhog 5 kg (T),1,155520,"1,485.00"
2026,March,Barishal Zone,Red Lentil 1 kg,1,155520,"2,622.00"
2026,March,Barishal Zone,Roast Masala 35gm (C),5,155520,"3,355.00"
2026,March,Barishal Zone,Suji 500 g,8,155520,"68,117.00"
2026,March,Barishal Zone,Tea DUST 500 gm,3,155520,"30,420.00"
2026,March,Barishal Zone,Tea LEAF 500 gm,4,155520,"16,335.00"
2026,March,Bhola Zone,Atta 1 kg,5,43200,"403,250.00"
2026,March,Bhola Zone,Atta 25 kg,4,43200,"44,850.00"
2026,March,Bhola Zone,Atta 5 kg,3,43200,"6,100.00"
2026,March,Bhola Zone,Biryani Masala 40gm (C),5,43200,"18,600.00"
2026,March,Bhola Zone,Brown Atta 1 kg,4,43200,"20,178.00"
2026,March,Bhola Zone,Chicken Masala 100gm (C),2,43200,"2,934.00"
2026,March,Bhola Zone,Chinigura Premium 1 kg (T),5,43200,"187,093.00"
2026,March,Bhola Zone,Essential Miniket 10 kg(T),3,43200,"12,470.00"
2026,March,Bhola Zone,Essential Mustard Oil 16 Kg Tin,5,43200,"693,550.00"
2026,March,Bhola Zone,Essential Mustard Oil 8 Kg Tin,5,43200,"260,450.00"
2026,March,Bhola Zone,Essential Puffed Rice 400 Gm,3,43200,"2,268.00"
2026,March,Bhola Zone,Essentials Chili Powder 5 Kg,2,43200,"3,290.00"
2026,March,Bhola Zone,Essentials Turmeric Powder 5 Kg,1,43200,"1,565.00"
2026,March,Bhola Zone,Iodized Salt 1 kg,5,43200,"152,860.50"
2026,March,Bhola Zone,Iodized Salt 500gm,1,43200,437.50
2026,March,Bhola Zone,Katari Najir 5 kg (T),5,43200,"6,075.00"
2026,March,Bhola Zone,Lachcha Semai 200gm (C),3,43200,"85,880.00"
2026,March,Bhola Zone,Lentil Medium- 25 Kg (C),2,43200,"34,500.00"
2026,March,Bhola Zone,Maida 1 kg,5,43200,"27,966.00"
2026,March,Bhola Zone,Maida 25 kg (C),2,43200,"2,600.00"
2026,March,Bhola Zone,Meat Masala 100gm (C),3,43200,"10,584.00"
2026,March,Bhola Zone,Miniket 5 kg (T),4,43200,"18,800.00"
2026,March,Bhola Zone,Mustard Oil 5 Liter,3,43200,"20,160.00"
2026,March,Bhola Zone,Mustard Oil 8 Liter,4,43200,"9,510.00"
2026,March,Bhola Zone,Mustard oil 1000 ML,3,43200,"12,556.00"
2026,March,Bhola Zone,Mustard oil 200 ML,5,43200,"41,187.50"
2026,March,Bhola Zone,Mustard oil 500 ML,3,43200,"14,345.00"
2026,March,Bhola Zone,Mustard oil 80 ML,5,43200,"54,696.00"
2026,March,Bhola Zone,Paijam 25 kg (C),1,43200,"4,740.00"
2026,March,Bhola Zone,Premium Basmati 1 kg (T),3,43200,"7,350.00"
2026,March,Bhola Zone,Red Lentil 1 kg,4,43200,"6,726.00"
2026,March,Bhola Zone,Roast Masala 35gm (C),4,43200,"10,120.00"
2026,March,Bhola Zone,Suji 500 g,5,43200,"170,644.00"
2026,March,Bhola Zone,Tea LEAF 500 gm,2,43200,"14,025.00"
2026,March,Bogura Zone,Atta 1 kg,7,64800,"351,004.00"
2026,March,Bogura Zone,Atta 2 kg,1,64800,679.00
2026,March,Bogura Zone,Biryani Masala 40gm (C),3,64800,"1,300.00"
2026,March,Bogura Zone,Brown Atta 1 kg,5,64800,"98,382.00"
2026,March,Bogura Zone,Chicken Masala 100gm (C),2,64800,"2,037.50"
2026,March,Bogura Zone,Chinigura Premium 1 kg (T),6,64800,"225,201.00"
2026,March,Bogura Zone,Essential Miniket 10 kg(T),1,64800,"3,520.00"
2026,March,Bogura Zone,Essential Mustard Oil 16 Kg Tin,3,64800,"56,500.00"
2026,March,Bogura Zone,Essential Mustard Oil 8 Kg Tin,1,64800,"7,330.00"
2026,March,Bogura Zone,Essential Puffed Rice 400 Gm,1,64800,"4,158.00"
2026,March,Bogura Zone,Essentials Chili Powder 5 Kg,2,64800,"11,515.00"
2026,March,Bogura Zone,Iodized Salt 1 kg,6,64800,"188,940.00"
2026,March,Bogura Zone,Iodized Salt 500gm,5,64800,"76,317.50"
2026,March,Bogura Zone,Katari Najir 10 kg (T),1,64800,"5,340.00"
2026,March,Bogura Zone,Katari Najir 5 kg (T),1,64800,"3,150.00"
2026,March,Bogura Zone,Lachcha Semai 200gm (C),4,64800,"10,488.00"
2026,March,Bogura Zone,Lentil Medium- 25 Kg (C),4,64800,"59,800.00"
2026,March,Bogura Zone,Maida 1 kg,4,64800,"29,382.00"
2026,March,Bogura Zone,Maida 25 kg (C),1,64800,"1,300.00"
2026,March,Bogura Zone,Meat Masala 100gm (C),2,64800,"2,940.00"
2026,March,Bogura Zone,Miniket 5 kg (T),1,64800,"6,230.00"
2026,March,Bogura Zone,Mustard Oil 5 Liter,1,64800,"1,120.00"
2026,March,Bogura Zone,Mustard oil 1000 ML,2,64800,"9,928.00"
2026,March,Bogura Zone,Mustard oil 200 ML,3,64800,"14,500.00"
2026,March,Bogura Zone,Mustard oil 250 ML,1,64800,"2,310.00"
2026,March,Bogura Zone,Mustard oil 500 ML,3,64800,"17,818.00"
2026,March,Bogura Zone,Mustard oil 80 ML,4,64800,"21,385.50"
2026,March,Bogura Zone,Premium Basmati 1 kg (T),1,64800,"3,500.00"
2026,March,Bogura Zone,Red Lentil 1 kg,2,64800,"2,166.00"
2026,March,Bogura Zone,Roast Masala 35gm (C),1,64800,"1,705.00"
2026,March,Bogura Zone,Suji 200 g,6,64800,"7,904.00"
2026,March,Bogura Zone,Suji 500 g,6,64800,"32,708.00"
2026,March,Brahmanbaria Zone,Atta 1 kg,8,87480,"1,818,800.00"
2026,March,Brahmanbaria Zone,Atta 2 kg,5,87480,"561,460.00"
2026,March,Brahmanbaria Zone,Atta 25 kg,1,87480,"2,300.00"
2026,March,Brahmanbaria Zone,Atta 5 kg,8,87480,"710,826.00"
2026,March,Brahmanbaria Zone,Biryani Masala 40gm (C),5,87480,"20,500.00"
2026,March,Brahmanbaria Zone,Brown Atta 1 kg,7,87480,"101,517.00"
2026,March,Brahmanbaria Zone,Chicken Masala 100gm (C),1,87480,733.50
2026,March,Brahmanbaria Zone,Chinigura Premium 1 kg (T),8,87480,"2,238,330.00"
2026,March,Brahmanbaria Zone,Deshi Basmoti 5 Kg (T),1,87480,"6,860.00"
2026,March,Brahmanbaria Zone,Essential Miniket 10 kg(T),3,87480,"11,490.00"
2026,March,Brahmanbaria Zone,Essential Mustard Oil 16 Kg Tin,8,87480,"300,400.00"
2026,March,Brahmanbaria Zone,Essential Mustard Oil 8 Kg Tin,3,87480,"19,595.00"
2026,March,Brahmanbaria Zone,Essential Puffed Rice 400 Gm,6,87480,"57,942.00"
2026,March,Brahmanbaria Zone,Essentials Chili Powder 5 Kg,3,87480,"44,365.00"
2026,March,Brahmanbaria Zone,Essentials Turmeric Powder 5 Kg,3,87480,"23,595.00"
2026,March,Brahmanbaria Zone,Iodized Salt 1 kg,8,87480,"1,040,744.50"
2026,March,Brahmanbaria Zone,Iodized Salt 500gm,8,87480,"255,430.00"
2026,March,Brahmanbaria Zone,Katari Najir 10 kg (T),5,87480,"128,910.00"
2026,March,Brahmanbaria Zone,Katari Najir 5 kg (T),7,87480,"32,700.00"
2026,March,Brahmanbaria Zone,Lachcha Semai 200gm (C),7,87480,"97,774.00"
2026,March,Brahmanbaria Zone,Lentil Medium- 25 Kg (C),4,87480,"80,500.00"
2026,March,Brahmanbaria Zone,Maida 1 kg,8,87480,"162,427.00"
2026,March,Brahmanbaria Zone,Maida 25 kg (C),1,87480,"7,800.00"
2026,March,Brahmanbaria Zone,Meat Masala 100gm (C),2,87480,"1,512.00"
2026,March,Brahmanbaria Zone,Miniket 5 kg (T),6,87480,"7,615.00"
2026,April,Agrabad Zone,Atta 1 kg,3,47520,"361,375.00"
2026,April,Agrabad Zone,Atta 2 kg,1,47520,"16,878.00"
2026,April,Agrabad Zone,Atta 25 kg,1,47520,"2,300.00"
2026,April,Agrabad Zone,Atta 5 kg,2,47520,"77,348.00"
2026,April,Agrabad Zone,Biryani Masala 40gm (C),1,47520,150.00
2026,April,Agrabad Zone,Brown Atta 1 kg,3,47520,"157,548.00"
2026,April,Agrabad Zone,Chinigura Premium 1 kg (T),2,47520,"201,120.00"
2026,April,Agrabad Zone,Essential Miniket 10 kg(T),1,47520,"1,760.00"
2026,April,Agrabad Zone,Essential Mustard Oil 16 Kg Tin,2,47520,"387,600.00"
2026,April,Agrabad Zone,Essential Mustard Oil 8 Kg Tin,1,47520,"53,100.00"
2026,April,Agrabad Zone,Iodized Salt 1 kg,3,47520,"112,191.50"
2026,April,Agrabad Zone,Iodized Salt 500gm,3,47520,"70,752.50"
2026,April,Agrabad Zone,Katari Ghee Bhog 25 kg (C),1,47520,"4,400.00"
2026,April,Agrabad Zone,Katari Najir 10 kg (T),1,47520,"6,300.00"
2026,April,Agrabad Zone,Katari Najir 5 kg (T),2,47520,"20,460.00"
2026,April,Agrabad Zone,Lachcha Semai 200gm (C),1,47520,"1,330.00"
2026,April,Agrabad Zone,Lentil Medium- 25 Kg (C),1,47520,"54,600.00"
2026,April,Agrabad Zone,Maida 1 kg,3,47520,"115,699.00"
2026,April,Agrabad Zone,Maida 25 kg (C),2,47520,"71,500.00"
2026,April,Agrabad Zone,Miniket 5 kg (T),2,47520,"26,700.00"
2026,April,Agrabad Zone,Mustard oil 1000 ML,2,47520,"19,564.00"
2026,April,Agrabad Zone,Mustard oil 200 ML,2,47520,"26,687.50"
2026,April,Agrabad Zone,Mustard oil 250 ML,2,47520,"5,159.00"
2026,April,Agrabad Zone,Mustard oil 500 ML,3,47520,"27,180.00"
2026,April,Agrabad Zone,Mustard oil 80 ML,3,47520,"10,600.00"
2026,April,Agrabad Zone,Premium Basmati 1 kg (T),1,47520,"1,750.00"
2026,April,Agrabad Zone,Premium katari Ghee Bhog 5 kg (T),1,47520,"5,940.00"
2026,April,Agrabad Zone,Red Lentil 1 kg,3,47520,"52,782.00"
2026,April,Agrabad Zone,Suji 500 g,3,47520,"93,166.00"
2026,April,Agrabad Zone,Tea LEAF 500 gm,1,47520,330.00
2026,April,Bagerhat Zone,Atta 1 kg,7,58320,"957,117.00"
2026,April,Bagerhat Zone,Atta 2 kg,1,58320,"1,940.00"
2026,April,Bagerhat Zone,Atta 5 kg,2,58320,"23,912.00"
2026,April,Bagerhat Zone,Biryani Masala 40gm (C),3,58320,"10,000.00"
2026,April,Bagerhat Zone,Brown Atta 1 kg,6,58320,"81,909.00"
2026,April,Bagerhat Zone,Chicken Masala 100gm (C),2,58320,"3,500.42"
2026,April,Bagerhat Zone,Chinigura Premium 1 kg (T),6,58320,"395,115.00"
2026,April,Bagerhat Zone,Deshi Basmoti 5 Kg (T),7,58320,"138,180.00"
2026,April,Bagerhat Zone,Essential Miniket 10 kg(T),2,58320,"9,680.00"
2026,April,Bagerhat Zone,Essential Mustard Oil 16 Kg Tin,7,58320,"591,600.00"
2026,April,Bagerhat Zone,Essential Mustard Oil 8 Kg Tin,7,58320,"596,490.00"
2026,April,Bagerhat Zone,Essential Puffed Rice 400 Gm,3,58320,"13,068.00"
2026,April,Bagerhat Zone,Essentials Chili Powder 5 Kg,1,58320,"1,645.00"
2026,April,Bagerhat Zone,Essentials Turmeric Powder 5 Kg,1,58320,"6,260.00"
2026,April,Bagerhat Zone,Iodized Salt 1 kg,5,58320,"193,998.50"
2026,April,Bagerhat Zone,Iodized Salt 500gm,6,58320,"128,432.50"
2026,April,Bagerhat Zone,Katari Najir 10 kg (T),2,58320,"20,700.00"
2026,April,Bagerhat Zone,Katari Najir 5 kg (T),7,58320,"141,750.00"
2026,April,Bagerhat Zone,Lachcha Semai 200gm (C),3,58320,"12,464.00"
2026,April,Bagerhat Zone,Lentil Medium- 25 Kg (C),3,58320,"31,850.00"
2026,April,Bagerhat Zone,Lentil Small- 25 Kg (C),1,58320,"13,950.00"
2026,April,Bagerhat Zone,Maida 1 kg,7,58320,"81,479.00"
2026,April,Bagerhat Zone,Meat Masala 100gm (C),1,58320,503.76
2026,April,Bagerhat Zone,Miniket 25 kg (C),1,58320,"2,125.00"
2026,April,Bagerhat Zone,Miniket 5 kg (T),6,58320,"84,550.00"
2026,April,Bagerhat Zone,Mustard Oil 5 Liter,3,58320,"38,080.00"
2026,April,Bagerhat Zone,Mustard Oil 8 Liter,1,58320,"11,060.00"
2026,April,Bagerhat Zone,Mustard oil 1000 ML,5,58320,"13,724.00"
2026,April,Bagerhat Zone,Mustard oil 200 ML,5,58320,"49,875.00"
2026,April,Bagerhat Zone,Mustard oil 250 ML,4,58320,"42,581.00"
2026,April,Bagerhat Zone,Mustard oil 500 ML,5,58320,"28,086.00"
2026,April,Bagerhat Zone,Mustard oil 80 ML,6,58320,"63,918.00"
2026,April,Bagerhat Zone,Paijam 25 kg (C),1,58320,"1,580.00"
2026,April,Bagerhat Zone,Premium Basmati 1 kg (T),4,58320,"19,250.00"
2026,April,Bagerhat Zone,Premium katari Ghee Bhog 5 kg (T),3,58320,"8,910.00"
2026,April,Bagerhat Zone,Red Lentil 1 kg,2,58320,"9,234.00"
2026,April,Bagerhat Zone,Roast Masala 35gm (C),4,58320,"1,453.50"
2026,April,Bagerhat Zone,Suji 200 g,6,58320,"29,184.00"
2026,April,Bagerhat Zone,Suji 500 g,7,58320,"75,554.00"
2026,April,Bagerhat Zone,Tea DUST 500 gm,3,58320,"14,235.00"
2026,April,Bagerhat Zone,Tea LEAF 500 gm,3,58320,"32,835.00"
2026,April,Barishal Zone,Atta 1 kg,13,155520,"1,162,623.00"
2026,April,Barishal Zone,Atta 2 kg,6,155520,"136,964.00"
2026,April,Barishal Zone,Atta 25 kg,1,155520,"1,150.00"
2026,April,Barishal Zone,Atta 5 kg,7,155520,"181,292.00"
2026,April,Barishal Zone,Biryani Masala 40gm (C),7,155520,"11,000.00"
2026,April,Barishal Zone,Brown Atta 1 kg,10,155520,"113,487.00"
2026,April,Barishal Zone,Chicken Masala 100gm (C),1,155520,488.64
2026,April,Barishal Zone,Chinigura Premium 1 kg (T),9,155520,"300,035.00"
2026,April,Barishal Zone,Deshi Basmoti 5 Kg (T),7,155520,"38,710.00"
2026,April,Barishal Zone,Essential Miniket 10 kg(T),4,155520,"33,440.00"
2026,April,Barishal Zone,Essential Mustard Oil 16 Kg Tin,12,155520,"1,162,800.00"
2026,April,Barishal Zone,Essential Mustard Oil 8 Kg Tin,10,155520,"214,170.00"
2026,April,Barishal Zone,Essentials Chili Powder 5 Kg,4,155520,"36,190.00"
2026,April,Barishal Zone,Essentials Turmeric Powder 5 Kg,4,155520,"25,040.00"
2026,April,Barishal Zone,Iodized Salt 1 kg,11,155520,"504,744.50"
2026,April,Barishal Zone,Iodized Salt 500gm,2,155520,"12,232.50"
2026,April,Barishal Zone,Katari Najir 5 kg (T),10,155520,"68,985.00"
2026,April,Barishal Zone,Lachcha Semai 200gm (C),2,155520,"4,408.00"
2026,April,Barishal Zone,Lentil Medium- 25 Kg (C),3,155520,"18,325.00"
2026,April,Barishal Zone,Lentil Small- 25 Kg (C),3,155520,"165,075.00"
2026,April,Barishal Zone,Maida 1 kg,10,155520,"55,637.00"
2026,April,Barishal Zone,Maida 25 kg (C),5,155520,"172,900.00"
2026,April,Barishal Zone,Miniket 5 kg (T),9,155520,"94,340.00"
2026,April,Barishal Zone,Mustard Oil 5 Liter,8,155520,"117,600.00"
2026,April,Barishal Zone,Mustard Oil 8 Liter,4,155520,"20,510.00"
2026,April,Barishal Zone,Mustard oil 1000 ML,6,155520,"19,272.00"
2026,April,Barishal Zone,Mustard oil 200 ML,11,155520,"53,625.00"
2026,April,Barishal Zone,Mustard oil 250 ML,1,155520,462.00
2026,April,Barishal Zone,Mustard oil 500 ML,7,155520,"19,781.00"
2026,April,Barishal Zone,Mustard oil 80 ML,10,155520,"57,717.00"
2026,April,Barishal Zone,Premium Basmati 1 kg (T),3,155520,"6,300.00"
2026,April,Barishal Zone,Premium katari Ghee Bhog 5 kg (T),2,155520,"12,870.00"
2026,April,Barishal Zone,Roast Masala 35gm (C),3,155520,"3,049.50"
2026,April,Barishal Zone,Suji 500 g,13,155520,"120,694.00"
2026,April,Barishal Zone,Tea DUST 500 gm,3,155520,"29,250.00"
2026,April,Barishal Zone,Tea LEAF 500 gm,4,155520,"55,110.00"
2026,April,Bhola Zone,Atta 1 kg,7,43200,"536,011.00"
2026,April,Bhola Zone,Atta 2 kg,1,43200,"2,813.00"
2026,April,Bhola Zone,Atta 25 kg,4,43200,"41,400.00"
2026,April,Bhola Zone,Atta 5 kg,4,43200,"27,572.00"
2026,April,Bhola Zone,Biryani Masala 40gm (C),5,43200,"18,050.00"
2026,April,Bhola Zone,Brown Atta 1 kg,4,43200,"41,382.00"
2026,April,Bhola Zone,Chicken Masala 100gm (C),2,43200,"2,197.26"
2026,April,Bhola Zone,Chinigura Premium 1 kg (T),5,43200,"140,300.00"
2026,April,Bhola Zone,Essential Miniket 10 kg(T),1,43200,"13,200.00"
2026,April,Bhola Zone,Essential Mustard Oil 16 Kg Tin,6,43200,"829,600.00"
2026,April,Bhola Zone,Essential Mustard Oil 8 Kg Tin,6,43200,"343,380.00"
2026,April,Bhola Zone,Essential Puffed Rice 400 Gm,3,43200,"1,674.00"
2026,April,Bhola Zone,Essentials Chili Powder 5 Kg,2,43200,"6,580.00"
2026,April,Bhola Zone,Essentials Turmeric Powder 5 Kg,1,43200,"3,130.00"
2026,April,Bhola Zone,Iodized Salt 1 kg,7,43200,"210,614.50"
2026,April,Bhola Zone,Iodized Salt 500gm,1,43200,437.50
2026,April,Bhola Zone,Katari Najir 10 kg (T),1,43200,890.00
2026,April,Bhola Zone,Katari Najir 5 kg (T),4,43200,"10,140.00"
2026,April,Bhola Zone,Lachcha Semai 200gm (C),2,43200,"11,096.00"
2026,April,Bhola Zone,Lentil Medium- 25 Kg (C),4,43200,"150,200.00"
2026,April,Bhola Zone,Maida 1 kg,6,43200,"31,978.00"
2026,April,Bhola Zone,Maida 25 kg (C),2,43200,"14,300.00"
2026,April,Bhola Zone,Meat Masala 100gm (C),2,43200,"1,511.28"
2026,April,Bhola Zone,Miniket 25 kg (C),1,43200,"2,125.00"
2026,April,Bhola Zone,Miniket 5 kg (T),3,43200,"15,130.00"
2026,April,Bhola Zone,Mustard Oil 5 Liter,3,43200,"13,440.00"
2026,April,Bhola Zone,Mustard Oil 8 Liter,3,43200,"7,890.00"
2026,April,Bhola Zone,Mustard oil 1000 ML,4,43200,"17,520.00"
2026,April,Bhola Zone,Mustard oil 200 ML,7,43200,"28,375.00"
2026,April,Bhola Zone,Mustard oil 500 ML,4,43200,"16,610.00"
2026,April,Bhola Zone,Mustard oil 80 ML,6,43200,"66,541.50"
2026,April,Bhola Zone,Premium Basmati 1 kg (T),5,43200,"7,000.00"
2026,April,Bhola Zone,Red Lentil 1 kg,4,43200,"16,302.00"
2026,April,Bhola Zone,Roast Masala 35gm (C),4,43200,"11,063.00"
2026,April,Bhola Zone,Suji 200 g,1,43200,192.00
2026,April,Bhola Zone,Suji 500 g,7,43200,"196,840.00"
2026,April,Bhola Zone,Tea LEAF 500 gm,5,43200,"50,820.00"
2026,April,Bogura Zone,Atta 1 kg,6,64800,"333,298.00"
2026,April,Bogura Zone,Atta 5 kg,1,64800,"2,684.00"
2026,April,Bogura Zone,Brown Atta 1 kg,6,64800,"203,661.00"
2026,April,Bogura Zone,Chinigura Premium 1 kg (T),4,64800,"111,490.00"
2026,April,Bogura Zone,Essential Miniket 10 kg(T),1,64800,"3,520.00"
2026,April,Bogura Zone,Essentials Turmeric Powder 5 Kg,1,64800,"1,565.00"
2026,April,Bogura Zone,Iodized Salt 1 kg,6,64800,"277,916.00"
2026,April,Bogura Zone,Iodized Salt 500gm,5,64800,"220,010.00"
2026,April,Bogura Zone,Katari Najir 10 kg (T),1,64800,"3,600.00"
2026,April,Bogura Zone,Katari Najir 5 kg (T),1,64800,930.00
2026,April,Bogura Zone,Lachcha Semai 200gm (C),3,64800,"9,956.00"
2026,April,Bogura Zone,Lentil Medium- 25 Kg (C),5,64800,"75,100.00"
2026,April,Bogura Zone,Maida 1 kg,3,64800,"35,282.00"
2026,April,Bogura Zone,Meat Masala 100gm (C),2,64800,"1,847.36"
2026,April,Bogura Zone,Mustard Oil 5 Liter,1,64800,"1,120.00"
2026,April,Bogura Zone,Mustard oil 1000 ML,1,64800,"2,920.00"
2026,April,Bogura Zone,Mustard oil 200 ML,2,64800,"16,500.00"
2026,April,Bogura Zone,Mustard oil 250 ML,1,64800,"3,157.00"
2026,April,Bogura Zone,Mustard oil 500 ML,2,64800,"3,624.00"
2026,April,Bogura Zone,Mustard oil 80 ML,4,64800,"15,529.00"
2026,April,Bogura Zone,Premium Basmati 1 kg (T),1,64800,"1,750.00"
2026,April,Bogura Zone,Red Lentil 1 kg,1,64800,342.00
2026,April,Bogura Zone,Suji 200 g,4,64800,"7,808.00"
2026,April,Bogura Zone,Suji 500 g,6,64800,"38,073.00"
2026,April,Brahmanbaria Zone,Atta 1 kg,8,77760,"2,382,207.00"
2026,April,Brahmanbaria Zone,Atta 2 kg,5,77760,"504,095.00"
2026,April,Brahmanbaria Zone,Atta 25 kg,1,77760,"1,150.00"
2026,April,Brahmanbaria Zone,Atta 5 kg,7,77760,"985,048.00"
2026,April,Brahmanbaria Zone,Biryani Masala 40gm (C),3,77760,"3,550.00"
2026,April,Brahmanbaria Zone,Brown Atta 1 kg,8,77760,"269,325.00"
2026,April,Brahmanbaria Zone,Chicken Masala 100gm (C),1,77760,"1,627.96"
2026,April,Brahmanbaria Zone,Chickpeas Clean 1 Kg (C),1,77760,"2,300.00"
2026,April,Brahmanbaria Zone,Chinigura Premium 1 kg (T),8,77760,"2,027,395.00"
2026,April,Brahmanbaria Zone,Deshi Basmoti 5 Kg (T),2,77760,"9,800.00"
2026,April,Brahmanbaria Zone,Essential Miniket 10 kg(T),2,77760,"4,400.00"
2026,April,Brahmanbaria Zone,Essential Mustard Oil 16 Kg Tin,7,77760,"203,400.00"
2026,April,Brahmanbaria Zone,Essential Mustard Oil 8 Kg Tin,1,77760,"1,770.00"
2026,April,Brahmanbaria Zone,Essential Puffed Rice 400 Gm,6,77760,"33,912.00"
2026,April,Brahmanbaria Zone,Essentials Chili Powder 5 Kg,3,77760,"27,965.00"
2026,April,Brahmanbaria Zone,Essentials Turmeric Powder 5 Kg,3,77760,"37,560.00"
2026,April,Brahmanbaria Zone,Iodized Salt 1 kg,8,77760,"1,210,857.50"
2026,April,Brahmanbaria Zone,Iodized Salt 500gm,8,77760,"355,355.00"
2026,April,Brahmanbaria Zone,Katari Najir 10 kg (T),5,77760,"131,190.00"
2026,April,Brahmanbaria Zone,Katari Najir 5 kg (T),5,77760,"35,670.00"
2026,April,Brahmanbaria Zone,Lachcha Semai 200gm (C),3,77760,"34,998.00"
2026,April,Brahmanbaria Zone,Lentil Medium- 25 Kg (C),3,77760,"63,850.00"
2026,April,Brahmanbaria Zone,Maida 1 kg,8,77760,"217,002.00"
2026,April,Brahmanbaria Zone,Maida 25 kg (C),1,77760,"27,300.00"
2026,April,Brahmanbaria Zone,Meat Masala 100gm (C),2,77760,"3,862.16"
2026,April,Brahmanbaria Zone,Miniket 5 kg (T),3,77760,"8,455.00"
2026,April,Brahmanbaria Zone,Mustard Oil 5 Liter,5,77760,"35,840.00"
2026,April,Brahmanbaria Zone,Mustard Oil 8 Liter,2,77760,"4,730.00"
2026,April,Brahmanbaria Zone,Mustard oil 1000 ML,4,77760,"11,680.00"
2026,April,Brahmanbaria Zone,Mustard oil 200 ML,8,77760,"142,812.50"
2026,April,Brahmanbaria Zone,Mustard oil 250 ML,2,77760,"7,854.00"
2026,April,Brahmanbaria Zone,Mustard oil 500 ML,7,77760,"38,958.00"
2026,May,Agrabad Zone,Atta 1 kg,4,71280,"413,021.00"
2026,May,Agrabad Zone,Atta 2 kg,1,71280,"17,654.00"
2026,May,Agrabad Zone,Atta 25 kg,1,71280,"8,050.00"
2026,May,Agrabad Zone,Atta 5 kg,4,71280,"130,784.00"
2026,May,Agrabad Zone,Brown Atta 1 kg,4,71280,"187,587.00"
2026,May,Agrabad Zone,Chicken Masala 100gm (C),1,71280,"1,057.94"
2026,May,Agrabad Zone,Chinigura Premium 1 kg (T),4,71280,"223,040.00"
2026,May,Agrabad Zone,Essential Miniket 10 kg(T),1,71280,"1,760.00"
2026,May,Agrabad Zone,Essential Mustard Oil 16 Kg Tin,4,71280,"251,600.00"
2026,May,Agrabad Zone,Essential Mustard Oil 8 Kg Tin,4,71280,"84,960.00"
2026,May,Agrabad Zone,Iodized Salt 1 kg,4,71280,"56,407.50"
2026,May,Agrabad Zone,Iodized Salt 500gm,4,71280,"33,912.00"
2026,May,Agrabad Zone,Katari Najir 10 kg (T),3,71280,"8,100.00"
2026,May,Agrabad Zone,Katari Najir 5 kg (T),3,71280,"24,180.00"
2026,May,Agrabad Zone,Lachcha Semai 200gm (C),1,71280,"1,634.00"
2026,May,Agrabad Zone,Maida 1 kg,4,71280,"134,756.00"
2026,May,Agrabad Zone,Maida 25 kg (C),2,71280,"41,600.00"
2026,May,Agrabad Zone,Meat Masala 100gm (C),1,71280,"1,091.48"
2026,May,Agrabad Zone,Miniket 5 kg (T),2,71280,"1,780.00"
2026,May,Agrabad Zone,Mustard oil 1000 ML,3,71280,"60,702.00"
2026,May,Agrabad Zone,Mustard oil 200 ML,4,71280,"26,162.00"
2026,May,Agrabad Zone,Mustard oil 250 ML,2,71280,"15,405.00"
2026,May,Agrabad Zone,Mustard oil 500 ML,4,71280,"29,796.00"
2026,May,Agrabad Zone,Mustard oil 80 ML,4,71280,"23,134.50"
2026,May,Agrabad Zone,Premium Basmati 1 kg (T),1,71280,700.00
2026,May,Agrabad Zone,Premium katari Ghee Bhog 5 kg (T),3,71280,"22,275.00"
2026,May,Agrabad Zone,Red Lentil 1 kg,4,71280,"58,596.00"
2026,May,Agrabad Zone,Suji 500 g,4,71280,"108,003.00"
2026,May,Agrabad Zone,Tea LEAF 500 gm,1,71280,"4,620.00"
2026,May,Bagerhat Zone,Atta 1 kg,8,58320,"882,735.00"
2026,May,Bagerhat Zone,Atta 5 kg,1,58320,"1,220.00"
2026,May,Bagerhat Zone,Biryani Masala 40gm (C),3,58320,"3,300.00"
2026,May,Bagerhat Zone,Brown Atta 1 kg,6,58320,"67,203.00"
2026,May,Bagerhat Zone,Chinigura Premium 1 kg (T),8,58320,"429,590.00"
2026,May,Bagerhat Zone,Deshi Basmoti 5 Kg (T),6,58320,"144,550.00"
2026,May,Bagerhat Zone,Essential Miniket 10 kg(T),2,58320,"9,680.00"
2026,May,Bagerhat Zone,Essential Mustard Oil 16 Kg Tin,8,58320,"574,600.00"
2026,May,Bagerhat Zone,Essential Mustard Oil 8 Kg Tin,8,58320,"546,930.00"
2026,May,Bagerhat Zone,Essential Puffed Rice 400 Gm,1,58320,"5,616.00"
2026,May,Bagerhat Zone,Essentials Chili Powder 5 Kg,1,58320,"3,700.00"
2026,May,Bagerhat Zone,Essentials Turmeric Powder 5 Kg,1,58320,"3,100.00"
2026,May,Bagerhat Zone,Iodized Salt 1 kg,7,58320,"256,110.00"
2026,May,Bagerhat Zone,Iodized Salt 500gm,8,58320,"161,644.00"
2026,May,Bagerhat Zone,Katari Najir 10 kg (T),2,58320,"5,400.00"
2026,May,Bagerhat Zone,Katari Najir 5 kg (T),8,58320,"112,995.00"
2026,May,Bagerhat Zone,Lachcha Semai 200gm (C),3,58320,"22,762.00"
2026,May,Bagerhat Zone,Lentil Medium- 25 Kg (C),2,58320,"11,375.00"
2026,May,Bagerhat Zone,Lentil Small- 25 Kg (C),1,58320,"4,650.00"
2026,May,Bagerhat Zone,Maida 1 kg,6,58320,"70,918.00"
2026,May,Bagerhat Zone,Miniket 25 kg (C),1,58320,"2,125.00"
2026,May,Bagerhat Zone,Miniket 5 kg (T),7,58320,"69,420.00"
2026,May,Bagerhat Zone,Mustard Oil 5 Liter,4,58320,"20,720.00"
2026,May,Bagerhat Zone,Mustard Oil 8 Liter,1,58320,"19,080.00"
2026,May,Bagerhat Zone,Mustard oil 1000 ML,4,58320,"11,718.00"
2026,May,Bagerhat Zone,Mustard oil 200 ML,5,58320,"37,864.50"
2026,May,Bagerhat Zone,Mustard oil 250 ML,4,58320,"45,827.00"
2026,May,Bagerhat Zone,Mustard oil 500 ML,4,58320,"41,637.00"
2026,May,Bagerhat Zone,Mustard oil 80 ML,6,58320,"40,041.50"
2026,May,Bagerhat Zone,Premium Basmati 1 kg (T),5,58320,"13,300.00"
2026,May,Bagerhat Zone,Premium katari Ghee Bhog 5 kg (T),1,58320,495.00
2026,May,Bagerhat Zone,Red Lentil 1 kg,1,58320,228.00
2026,May,Bagerhat Zone,Roast Masala 35gm (C),1,58320,"4,601.00"
2026,May,Bagerhat Zone,Suji 200 g,6,58320,"18,928.00"
2026,May,Bagerhat Zone,Suji 500 g,7,58320,"62,641.00"
2026,May,Bagerhat Zone,Tea DUST 500 gm,3,58320,"15,795.00"
2026,May,Bagerhat Zone,Tea LEAF 500 gm,2,58320,"4,950.00"
2026,May,Barishal Zone,Atta 1 kg,9,190080,"1,158,801.00"
2026,May,Barishal Zone,Atta 2 kg,4,190080,"94,478.00"
2026,May,Barishal Zone,Atta 25 kg,1,190080,"3,450.00"
2026,May,Barishal Zone,Atta 5 kg,8,190080,"145,668.00"
2026,May,Barishal Zone,Biryani Masala 40gm (C),7,190080,"3,750.00"
2026,May,Barishal Zone,Brown Atta 1 kg,9,190080,"190,836.00"
2026,May,Barishal Zone,Chicken Masala 100gm (C),1,190080,"2,441.40"
2026,May,Barishal Zone,Chickpeas Clean 1 Kg (C),1,190080,"5,520.00"
2026,May,Barishal Zone,Chinigura Premium 1 kg (T),9,190080,"728,110.00"
2026,May,Barishal Zone,Deshi Basmoti 5 Kg (T),5,190080,"26,460.00"
2026,May,Barishal Zone,Essential Miniket 10 kg(T),3,190080,"13,200.00"
2026,May,Barishal Zone,Essential Mustard Oil 16 Kg Tin,9,190080,"962,200.00"
2026,May,Barishal Zone,Essential Mustard Oil 8 Kg Tin,9,190080,"284,970.00"
2026,May,Barishal Zone,Essentials Chili Powder 5 Kg,3,190080,"25,900.00"
2026,May,Barishal Zone,Essentials Turmeric Powder 5 Kg,2,190080,"23,265.00"
2026,May,Barishal Zone,Iodized Salt 1 kg,9,190080,"467,771.00"
2026,May,Barishal Zone,Iodized Salt 500gm,4,190080,"28,026.00"
2026,May,Barishal Zone,Katari Najir 10 kg (T),1,190080,900.00
2026,May,Barishal Zone,Katari Najir 5 kg (T),7,190080,"48,360.00"
2026,May,Barishal Zone,Lachcha Semai 200gm (C),2,190080,"12,388.00"
2026,May,Barishal Zone,Lentil Medium- 25 Kg (C),1,190080,"9,100.00"
2026,May,Barishal Zone,Lentil Small- 25 Kg (C),3,190080,"146,475.00"
2026,May,Barishal Zone,Maida 1 kg,9,190080,"84,488.00"
2026,May,Barishal Zone,Maida 25 kg (C),8,190080,"848,900.00"
2026,May,Barishal Zone,Meat Masala 100gm (C),2,190080,"2,770.68"
2026,May,Barishal Zone,Miniket 5 kg (T),9,190080,"67,640.00"
2026,May,Barishal Zone,Mustard Oil 5 Liter,7,190080,"93,540.00"
2026,May,Barishal Zone,Mustard Oil 8 Liter,5,190080,"27,030.00"
2026,May,Barishal Zone,Mustard oil 1000 ML,7,190080,"15,654.00"
2026,May,Barishal Zone,Mustard oil 200 ML,9,190080,"41,260.00"
2026,May,Barishal Zone,Mustard oil 250 ML,1,190080,474.00
2026,May,Barishal Zone,Mustard oil 500 ML,8,190080,"23,229.00"
2026,May,Barishal Zone,Mustard oil 80 ML,9,190080,"32,409.50"
2026,May,Barishal Zone,Premium katari Ghee Bhog 5 kg (T),2,190080,"4,950.00"
2026,May,Barishal Zone,Roast Masala 35gm (C),5,190080,"3,798.50"
2026,May,Barishal Zone,Suji 500 g,9,190080,"145,336.00"
2026,May,Barishal Zone,Tea DUST 500 gm,4,190080,"21,450.00"
2026,May,Barishal Zone,Tea LEAF 500 gm,2,190080,"7,920.00"
2026,May,Bhola Zone,Atta 1 kg,6,43200,"616,665.00"
2026,May,Bhola Zone,Atta 25 kg,2,43200,"9,200.00"
2026,May,Bhola Zone,Atta 5 kg,3,43200,"6,832.00"
2026,May,Bhola Zone,Biryani Masala 40gm (C),5,43200,"13,200.00"
2026,May,Bhola Zone,Brown Atta 1 kg,5,43200,"61,275.00"
2026,May,Bhola Zone,Chicken Masala 100gm (C),4,43200,"5,533.84"
2026,May,Bhola Zone,Chinigura Premium 1 kg (T),6,43200,"160,310.00"
2026,May,Bhola Zone,Essential Miniket 10 kg(T),2,43200,"6,160.00"
2026,May,Bhola Zone,Essential Mustard Oil 16 Kg Tin,6,43200,"1,397,400.00"
2026,May,Bhola Zone,Essential Mustard Oil 8 Kg Tin,5,43200,"235,410.00"
2026,May,Bhola Zone,Essential Puffed Rice 400 Gm,1,43200,486.00
2026,May,Bhola Zone,Essentials Chili Powder 5 Kg,2,43200,"9,250.00"
2026,May,Bhola Zone,Essentials Turmeric Powder 5 Kg,4,43200,"18,600.00"
2026,May,Bhola Zone,Iodized Salt 1 kg,5,43200,"235,776.00"
2026,May,Bhola Zone,Iodized Salt 500gm,1,43200,"11,250.00"
2026,May,Bhola Zone,Katari Najir 5 kg (T),4,43200,"12,090.00"
2026,May,Bhola Zone,Lachcha Semai 200gm (C),3,43200,"1,444.00"
2026,May,Bhola Zone,Lentil Medium- 25 Kg (C),2,43200,"93,275.00"
2026,May,Bhola Zone,Lentil Small- 25 Kg (C),2,43200,"76,725.00"
2026,May,Bhola Zone,Maida 1 kg,5,43200,"43,306.00"
2026,May,Bhola Zone,Maida 25 kg (C),1,43200,"1,300.00"
2026,May,Bhola Zone,Meat Masala 100gm (C),3,43200,"3,946.12"
2026,May,Bhola Zone,Miniket 25 kg (C),1,43200,"2,125.00"
2026,May,Bhola Zone,Miniket 5 kg (T),5,43200,"29,370.00"
2026,May,Bhola Zone,Mustard Oil 5 Liter,3,43200,"7,980.00"
2026,May,Bhola Zone,Mustard Oil 8 Liter,1,43200,"186,030.00"
2026,May,Bhola Zone,Mustard oil 1000 ML,4,43200,"15,402.00"
2026,May,Bhola Zone,Mustard oil 200 ML,6,43200,"30,371.50"
2026,May,Bhola Zone,Mustard oil 500 ML,4,43200,"18,816.00"
2026,May,Bhola Zone,Mustard oil 80 ML,6,43200,"46,878.50"
2026,May,Bhola Zone,Paijam 25 kg (C),1,43200,"1,515.00"
2026,May,Bhola Zone,Premium Basmati 1 kg (T),2,43200,"3,150.00"
2026,May,Bhola Zone,Red Lentil 1 kg,3,43200,"3,876.00"
2026,May,Bhola Zone,Roast Masala 35gm (C),5,43200,"5,296.50"
2026,May,Bhola Zone,Suji 200 g,1,43200,"22,960.00"
2026,May,Bhola Zone,Suji 500 g,6,43200,"170,570.00"
2026,May,Bhola Zone,Tea LEAF 500 gm,3,43200,"15,180.00"
2026,May,Bogura Zone,Atta 1 kg,6,90720,"264,894.00"
2026,May,Bogura Zone,Atta 5 kg,1,90720,"12,200.00"
2026,May,Bogura Zone,Biryani Masala 40gm (C),1,90720,150.00
2026,May,Bogura Zone,Brown Atta 1 kg,6,90720,"198,189.00"
2026,May,Bogura Zone,Chinigura Premium 1 kg (T),5,90720,"32,980.00"
2026,May,Bogura Zone,Essential Miniket 10 kg(T),1,90720,"3,520.00"
2026,May,Bogura Zone,Essential Puffed Rice 400 Gm,1,90720,"8,910.00"
2026,May,Bogura Zone,Iodized Salt 1 kg,6,90720,"421,777.50"
2026,May,Bogura Zone,Iodized Salt 500gm,5,90720,"234,523.00"
2026,May,Bogura Zone,Katari Najir 10 kg (T),1,90720,900.00
2026,May,Bogura Zone,Katari Najir 5 kg (T),1,90720,"6,045.00"
2026,May,Bogura Zone,Lachcha Semai 200gm (C),4,90720,"5,928.00"
2026,May,Bogura Zone,Lentil Medium- 25 Kg (C),3,90720,"97,825.00"
2026,May,Bogura Zone,Maida 1 kg,4,90720,"53,218.00"
2026,May,Bogura Zone,Meat Masala 100gm (C),2,90720,"2,938.60"
2026,May,Bogura Zone,Mustard Oil 5 Liter,1,90720,"1,160.00"
2026,May,Bogura Zone,Mustard oil 200 ML,3,90720,"3,746.50"
2026,May,Bogura Zone,Mustard oil 250 ML,1,90720,237.00
2026,May,Bogura Zone,Mustard oil 500 ML,1,90720,"1,560.00"
2026,May,Bogura Zone,Mustard oil 80 ML,5,90720,"10,520.50"
2026,May,Bogura Zone,Premium Basmati 1 kg (T),1,90720,"5,250.00"
2026,May,Bogura Zone,Red Lentil 1 kg,3,90720,"19,380.00"
2026,May,Bogura Zone,Suji 200 g,5,90720,"23,376.00"
2026,May,Bogura Zone,Suji 500 g,6,90720,"60,569.00"
2026,May,Brahmanbaria Zone,Atta 1 kg,8,87480,"2,637,891.00"
2026,May,Brahmanbaria Zone,Atta 2 kg,5,87480,"583,940.00"
2026,May,Brahmanbaria Zone,Atta 5 kg,8,87480,"1,078,480.00"
2026,May,Brahmanbaria Zone,Biryani Masala 40gm (C),6,87480,"29,000.00"
2026,May,Brahmanbaria Zone,Brown Atta 1 kg,8,87480,"395,352.00"
2026,May,Brahmanbaria Zone,Chicken Masala 100gm (C),1,87480,976.56
2026,May,Brahmanbaria Zone,Chinigura Premium 1 kg (T),8,87480,"1,253,803.00"
2026,May,Brahmanbaria Zone,Deshi Basmoti 5 Kg (T),2,87480,"14,210.00"
2026,May,Brahmanbaria Zone,Essential Miniket 10 kg(T),3,87480,"9,680.00"
2026,May,Brahmanbaria Zone,Essential Mustard Oil 16 Kg Tin,8,87480,"564,200.00"
2026,May,Brahmanbaria Zone,Essential Mustard Oil 8 Kg Tin,2,87480,"5,110.00"
2026,May,Brahmanbaria Zone,Essential Puffed Rice 400 Gm,6,87480,"40,986.00"
2026,May,Brahmanbaria Zone,Essentials Chili Powder 5 Kg,3,87480,"138,135.00"
2026,May,Brahmanbaria Zone,Essentials Turmeric Powder 5 Kg,4,87480,"133,345.00"
2026,May,Brahmanbaria Zone,Gram flour 500gm (C),1,87480,370.00
2026,May,Brahmanbaria Zone,Iodized Salt 1 kg,8,87480,"1,274,540.00"
2026,May,Brahmanbaria Zone,Iodized Salt 500gm,8,87480,"296,755.00"
2026,May,Brahmanbaria Zone,Katari Najir 10 kg (T),5,87480,"72,000.00"
2026,May,Brahmanbaria Zone,Katari Najir 5 kg (T),7,87480,"41,850.00"
2026,May,Brahmanbaria Zone,Lachcha Semai 200gm (C),4,87480,"37,772.00"
2026,May,Brahmanbaria Zone,Lentil Medium- 25 Kg (C),3,87480,"36,400.00"
2026,May,Brahmanbaria Zone,Lentil Small- 25 Kg (C),3,87480,"99,975.00"
2026,May,Brahmanbaria Zone,Maida 1 kg,8,87480,"238,006.00"
2026,May,Brahmanbaria Zone,Meat Masala 100gm (C),2,87480,"2,015.04"
2026,May,Brahmanbaria Zone,Miniket 5 kg (T),4,87480,"12,035.00"
2026,May,Brahmanbaria Zone,Mustard Oil 5 Liter,7,87480,"156,960.00"
2026,May,Brahmanbaria Zone,Mustard Oil 8 Liter,3,87480,"28,610.00"
2026,May,Brahmanbaria Zone,Mustard oil 1000 ML,4,87480,"20,194.00"
2026,May,Brahmanbaria Zone,Mustard oil 200 ML,8,87480,"125,730.50"
2026,May,Brahmanbaria Zone,Mustard oil 250 ML,4,87480,"11,435.00"
2026,May,Brahmanbaria Zone,Mustard oil 500 ML,8,87480,"58,656.00"
2026,May,Brahmanbaria Zone,Mustard oil 80 ML,7,87480,"80,030.00"
2026,May,Brahmanbaria Zone,Premium Basmati 1 kg (T),4,87480,"3,850.00"
2026,May,Brahmanbaria Zone,Premium katari Ghee Bhog 5 kg (T),5,87480,"261,360.00"
2026,May,Brahmanbaria Zone,Red Lentil 1 kg,3,87480,"11,970.00"
2026,June,Agrabad Zone,Atta 1 kg,4,71280,"281,784.00"
2026,June,Agrabad Zone,Atta 2 kg,1,71280,"1,757.50"
2026,June,Agrabad Zone,Atta 25 kg,1,71280,"2,350.00"
2026,June,Agrabad Zone,Atta 5 kg,3,71280,"106,248.00"
2026,June,Agrabad Zone,Brown Atta 1 kg,4,71280,"108,833.00"
2026,June,Agrabad Zone,Chicken Masala 100gm (C),1,71280,"4,150.38"
2026,June,Agrabad Zone,Chickpeas Clean 1 Kg (C),1,71280,"8,004.00"
2026,June,Agrabad Zone,Chinigura Premium 1 kg (T),4,71280,"197,540.00"
2026,June,Agrabad Zone,Essential Miniket 10 kg(T),1,71280,880.00
2026,June,Agrabad Zone,Essential Mustard Oil 16 Kg Tin,3,71280,"74,800.00"
2026,June,Agrabad Zone,Essential Mustard Oil 8 Kg Tin,3,71280,"40,710.00"
2026,June,Agrabad Zone,Essential Puffed Rice 400 Gm,1,71280,"1,404.00"
2026,June,Agrabad Zone,Iodized Salt 1 kg,3,71280,"45,613.50"
2026,June,Agrabad Zone,Iodized Salt 500gm,3,71280,"15,610.00"
2026,June,Agrabad Zone,Katari Najir 10 kg (T),1,71280,"4,500.00"
2026,June,Agrabad Zone,Katari Najir 5 kg (T),2,71280,"25,575.00"
2026,June,Agrabad Zone,Lachcha Semai 200gm (C),1,71280,380.00
2026,June,Agrabad Zone,Maida 1 kg,3,71280,"112,946.00"
2026,June,Agrabad Zone,Maida 25 kg (C),1,71280,"4,410.00"
2026,June,Agrabad Zone,Meat Masala 100gm (C),1,71280,"4,281.96"
2026,June,Agrabad Zone,Miniket 5 kg (T),1,71280,"1,800.00"
2026,June,Agrabad Zone,Mustard oil 1000 ML,2,71280,"37,146.00"
2026,June,Agrabad Zone,Mustard oil 200 ML,2,71280,"4,064.00"
2026,June,Agrabad Zone,Mustard oil 250 ML,3,71280,"10,112.00"
2026,June,Agrabad Zone,Mustard oil 500 ML,3,71280,"28,548.00"
2026,June,Agrabad Zone,Mustard oil 80 ML,3,71280,"15,847.00"
2026,June,Agrabad Zone,Premium katari Ghee Bhog 5 kg (T),3,71280,"22,275.00"
2026,June,Agrabad Zone,Red Lentil 1 kg,3,71280,"36,024.00"
2026,June,Agrabad Zone,Suji 500 g,3,71280,"100,555.00"
2026,June,Agrabad Zone,Tea LEAF 500 gm,1,71280,"1,980.00"
2026,June,Bagerhat Zone,Atta 1 kg,7,58320,"850,642.00"
2026,June,Bagerhat Zone,Atta 5 kg,2,58320,"27,360.00"
2026,June,Bagerhat Zone,Biryani Masala 40gm (C),3,58320,"14,750.00"
2026,June,Bagerhat Zone,Brown Atta 1 kg,7,58320,"128,081.00"
2026,June,Bagerhat Zone,Chinigura Premium 1 kg (T),7,58320,"478,550.00"
2026,June,Bagerhat Zone,Deshi Basmoti 5 Kg (T),4,58320,"45,570.00"
2026,June,Bagerhat Zone,Essential Miniket 10 kg(T),5,58320,"11,440.00"
2026,June,Bagerhat Zone,Essential Mustard Oil 16 Kg Tin,7,58320,"564,400.00"
2026,June,Bagerhat Zone,Essential Mustard Oil 8 Kg Tin,7,58320,"573,480.00"
2026,June,Bagerhat Zone,Essential Puffed Rice 400 Gm,3,58320,"9,180.00"
2026,June,Bagerhat Zone,Iodized Salt 1 kg,6,58320,"202,774.50"
2026,June,Bagerhat Zone,Iodized Salt 500gm,6,58320,"110,641.00"
2026,June,Bagerhat Zone,Katari Najir 10 kg (T),3,58320,"11,700.00"
2026,June,Bagerhat Zone,Katari Najir 5 kg (T),6,58320,"93,000.00"
2026,June,Bagerhat Zone,Lachcha Semai 200gm (C),6,58320,"48,868.00"
2026,June,Bagerhat Zone,Lentil Medium- 25 Kg (C),1,58320,"2,275.00"
2026,June,Bagerhat Zone,Lentil Small- 25 Kg (C),1,58320,"104,625.00"
2026,June,Bagerhat Zone,Maida 1 kg,7,58320,"138,521.00"
2026,June,Bagerhat Zone,Miniket 5 kg (T),7,58320,"80,545.00"
2026,June,Bagerhat Zone,Mustard Oil 5 Liter,4,58320,"32,900.00"
2026,June,Bagerhat Zone,Mustard Oil 8 Liter,1,58320,"22,260.00"
2026,June,Bagerhat Zone,Mustard oil 1000 ML,5,58320,"41,978.00"
2026,June,Bagerhat Zone,Mustard oil 200 ML,5,58320,"42,418.00"
2026,June,Bagerhat Zone,Mustard oil 250 ML,6,58320,"31,837.00"
2026,June,Bagerhat Zone,Mustard oil 500 ML,6,58320,"58,032.00"
2026,June,Bagerhat Zone,Mustard oil 80 ML,7,58320,"49,634.50"
2026,June,Bagerhat Zone,Premium Basmati 1 kg (T),6,58320,"36,750.00"
2026,June,Bagerhat Zone,Premium katari Ghee Bhog 5 kg (T),3,58320,"16,335.00"
2026,June,Bagerhat Zone,Red Lentil 1 kg,1,58320,"1,824.00"
2026,June,Bagerhat Zone,Roast Masala 35gm (C),2,58320,909.50
2026,June,Bagerhat Zone,Suji 200 g,6,58320,"32,480.00"
2026,June,Bagerhat Zone,Suji 500 g,7,58320,"78,725.00"
2026,June,Bagerhat Zone,Tea DUST 500 gm,2,58320,"5,265.00"
2026,June,Bagerhat Zone,Tea LEAF 500 gm,2,58320,"1,485.00"
2026,June,Barishal Zone,Atta 1 kg,9,190080,"1,175,919.00"
2026,June,Barishal Zone,Atta 2 kg,6,190080,"65,367.00"
2026,June,Barishal Zone,Atta 25 kg,2,190080,"12,000.00"
2026,June,Barishal Zone,Atta 5 kg,9,190080,"157,068.00"
2026,June,Barishal Zone,Biryani Masala 40gm (C),6,190080,"9,000.00"
2026,June,Barishal Zone,Brown Atta 1 kg,10,190080,"203,788.00"
2026,June,Barishal Zone,Chicken Masala 100gm (C),3,190080,"14,648.40"
2026,June,Barishal Zone,Chinigura Premium 1 kg (T),10,190080,"437,070.00"
2026,June,Barishal Zone,Deshi Basmoti 5 Kg (T),5,190080,"75,460.00"
2026,June,Barishal Zone,Essential Miniket 10 kg(T),1,190080,"3,520.00"
2026,June,Barishal Zone,Essential Mustard Oil 16 Kg Tin,10,190080,"965,600.00"
2026,June,Barishal Zone,Essential Mustard Oil 8 Kg Tin,8,190080,"187,620.00"
2026,June,Barishal Zone,Essential Puffed Rice 400 Gm,1,190080,54.00
2026,June,Barishal Zone,Essentials Chili Powder 5 Kg,2,190080,"22,200.00"
2026,June,Barishal Zone,Essentials Turmeric Powder 5 Kg,2,190080,"37,200.00"
2026,June,Barishal Zone,Iodized Salt 1 kg,9,190080,"265,995.00"
2026,June,Barishal Zone,Iodized Salt 500gm,6,190080,"24,121.00"
2026,June,Barishal Zone,Katari Najir 10 kg (T),1,190080,"1,800.00"
2026,June,Barishal Zone,Katari Najir 5 kg (T),8,190080,"116,250.00"
2026,June,Barishal Zone,Lachcha Semai 200gm (C),3,190080,"19,494.00"
2026,June,Barishal Zone,Lentil Medium- 25 Kg (C),1,190080,"27,300.00"
2026,June,Barishal Zone,Lentil Small- 25 Kg (C),1,190080,"4,650.00"
2026,June,Barishal Zone,Maida 1 kg,10,190080,"215,033.00"
2026,June,Barishal Zone,Maida 25 kg (C),8,190080,"2,265,430.00"
2026,June,Barishal Zone,Meat Masala 100gm (C),3,190080,"9,655.40"
2026,June,Barishal Zone,Miniket 25 kg (C),1,190080,"2,125.00"
2026,June,Barishal Zone,Miniket 5 kg (T),9,190080,"84,570.00"
2026,June,Barishal Zone,Mustard Oil 5 Liter,9,190080,"187,760.00"
2026,June,Barishal Zone,Mustard Oil 8 Liter,4,190080,"33,390.00"
2026,June,Barishal Zone,Mustard oil 1000 ML,8,190080,"47,716.00"
2026,June,Barishal Zone,Mustard oil 200 ML,9,190080,"71,183.50"
2026,June,Barishal Zone,Mustard oil 250 ML,1,190080,474.00
2026,June,Barishal Zone,Mustard oil 500 ML,8,190080,"52,260.00"
2026,June,Barishal Zone,Mustard oil 80 ML,10,190080,"65,349.00"
2026,June,Barishal Zone,Premium katari Ghee Bhog 5 kg (T),1,190080,"39,600.00"
2026,June,Barishal Zone,Roast Masala 35gm (C),4,190080,"10,700.00"
2026,June,Barishal Zone,Suji 500 g,10,190080,"161,860.00"
2026,June,Barishal Zone,Tea DUST 500 gm,5,190080,"38,025.00"
2026,June,Barishal Zone,Tea LEAF 500 gm,2,190080,"3,135.00"
2026,June,Bhola Zone,Atta 1 kg,6,43200,"607,160.00"
2026,June,Bhola Zone,Atta 25 kg,2,43200,"4,700.00"
2026,June,Bhola Zone,Atta 5 kg,4,43200,"9,418.00"
2026,June,Bhola Zone,Biryani Masala 40gm (C),6,43200,"6,450.00"
2026,June,Bhola Zone,Brown Atta 1 kg,6,43200,"76,635.00"
2026,June,Bhola Zone,Chicken Masala 100gm (C),2,43200,"2,278.64"
2026,June,Bhola Zone,Chinigura Premium 1 kg (T),6,43200,"183,770.00"
2026,June,Bhola Zone,Deshi Basmoti 5 Kg (T),1,43200,980.00
2026,June,Bhola Zone,Essential Miniket 10 kg(T),1,43200,"7,040.00"
2026,June,Bhola Zone,Essential Mustard Oil 16 Kg Tin,6,43200,"771,800.00"
2026,June,Bhola Zone,Essential Mustard Oil 8 Kg Tin,6,43200,"313,290.00"
2026,June,Bhola Zone,Essentials Turmeric Powder 5 Kg,1,43200,"4,650.00"
2026,June,Bhola Zone,Iodized Salt 1 kg,6,43200,"146,171.00"
2026,June,Bhola Zone,Iodized Salt 500gm,1,43200,"12,350.00"
2026,June,Bhola Zone,Katari Najir 5 kg (T),3,43200,"3,255.00"
2026,June,Bhola Zone,Lachcha Semai 200gm (C),3,43200,"17,784.00"
2026,June,Bhola Zone,Lentil Medium- 25 Kg (C),3,43200,"20,475.00"
2026,June,Bhola Zone,Lentil Small- 25 Kg (C),2,43200,"27,900.00"
2026,June,Bhola Zone,Maida 1 kg,6,43200,"60,504.00"
2026,June,Bhola Zone,Meat Masala 100gm (C),4,43200,"5,205.52"
2026,June,Bhola Zone,Miniket 5 kg (T),6,43200,"67,925.00"
2026,June,Bhola Zone,Mustard Oil 5 Liter,3,43200,"14,100.00"
2026,June,Bhola Zone,Mustard Oil 8 Liter,2,43200,"28,620.00"
2026,June,Bhola Zone,Mustard oil 1000 ML,5,43200,"32,918.00"
2026,June,Bhola Zone,Mustard oil 200 ML,5,43200,"31,496.00"
2026,June,Bhola Zone,Mustard oil 500 ML,3,43200,"17,316.00"
2026,June,Bhola Zone,Mustard oil 80 ML,6,43200,"62,619.50"
2026,June,Bhola Zone,Premium Basmati 1 kg (T),3,43200,"6,650.00"
2026,June,Bhola Zone,Red Lentil 1 kg,2,43200,"3,192.00"
2026,June,Bhola Zone,Roast Masala 35gm (C),5,43200,"8,132.00"
2026,June,Bhola Zone,Suji 200 g,1,43200,"10,752.00"
2026,June,Bhola Zone,Suji 500 g,6,43200,"229,176.00"
2026,June,Bhola Zone,Tea LEAF 500 gm,2,43200,"3,300.00"
2026,June,Bogura Zone,Atta 1 kg,6,90720,"363,270.00"
2026,June,Bogura Zone,Atta 5 kg,3,90720,"5,280.00"
2026,June,Bogura Zone,Biryani Masala 40gm (C),1,90720,"2,450.00"
2026,June,Bogura Zone,Brown Atta 1 kg,6,90720,"175,388.00"
2026,June,Bogura Zone,Chinigura Premium 1 kg (T),5,90720,"68,510.00"
2026,June,Bogura Zone,Essential Mustard Oil 16 Kg Tin,1,90720,"3,400.00"
2026,June,Bogura Zone,Essential Mustard Oil 8 Kg Tin,1,90720,"3,540.00"
2026,June,Bogura Zone,Essential Puffed Rice 400 Gm,1,90720,"6,210.00"
2026,June,Bogura Zone,Iodized Salt 1 kg,6,90720,"555,950.00"
2026,June,Bogura Zone,Iodized Salt 500gm,6,90720,"237,936.00"
2026,June,Bogura Zone,Lachcha Semai 200gm (C),3,90720,"4,066.00"
2026,June,Bogura Zone,Lentil Medium- 25 Kg (C),2,90720,"25,025.00"
2026,June,Bogura Zone,Maida 1 kg,6,90720,"16,328.00"
2026,June,Bogura Zone,Meat Masala 100gm (C),2,90720,"2,854.64"
2026,June,Bogura Zone,Mustard oil 200 ML,4,90720,"1,905.00"
2026,June,Bogura Zone,Mustard oil 250 ML,2,90720,"1,975.00"
2026,June,Bogura Zone,Mustard oil 500 ML,1,90720,"2,028.00"
2026,June,Bogura Zone,Mustard oil 80 ML,6,90720,"13,594.50"
2026,June,Bogura Zone,Premium Basmati 1 kg (T),1,90720,"7,700.00"
2026,June,Bogura Zone,Red Lentil 1 kg,2,90720,"1,254.00"
2026,June,Bogura Zone,Suji 200 g,6,90720,"24,448.00"
2026,June,Bogura Zone,Suji 500 g,6,90720,"52,647.00"
2026,June,Brahmanbaria Zone,Atta 1 kg,8,87480,"2,507,166.00"
2026,June,Brahmanbaria Zone,Atta 2 kg,5,87480,"591,279.00"
2026,June,Brahmanbaria Zone,Atta 5 kg,8,87480,"1,024,164.00"
2026,June,Brahmanbaria Zone,Biryani Masala 40gm (C),5,87480,"41,850.00"
2026,June,Brahmanbaria Zone,Brown Atta 1 kg,8,87480,"369,820.00"
2026,June,Brahmanbaria Zone,Chicken Masala 100gm (C),1,87480,244.14
2026,June,Brahmanbaria Zone,Chinigura Premium 1 kg (T),8,87480,"1,960,270.00"
2026,June,Brahmanbaria Zone,Deshi Basmoti 5 Kg (T),1,87480,980.00
2026,June,Brahmanbaria Zone,Essential Miniket 10 kg(T),3,87480,"11,440.00"
2026,June,Brahmanbaria Zone,Essential Mustard Oil 16 Kg Tin,7,87480,"210,800.00"
2026,June,Brahmanbaria Zone,Essential Puffed Rice 400 Gm,5,87480,"62,856.00"
2026,June,Brahmanbaria Zone,Essentials Chili Powder 5 Kg,3,87480,"44,400.00"
2026,June,Brahmanbaria Zone,Essentials Turmeric Powder 5 Kg,3,87480,"34,100.00"
2026,June,Brahmanbaria Zone,Gram flour 500gm (C),2,87480,"1,110.00"
2026,June,Brahmanbaria Zone,Iodized Salt 1 kg,8,87480,"1,289,272.00"
2026,June,Brahmanbaria Zone,Iodized Salt 500gm,7,87480,"230,763.00"
2026,June,Brahmanbaria Zone,Katari Najir 10 kg (T),5,87480,"97,200.00"
2026,June,Brahmanbaria Zone,Katari Najir 5 kg (T),6,87480,"46,500.00"
2026,June,Brahmanbaria Zone,Lachcha Semai 200gm (C),5,87480,"9,842.00"
2026,June,Brahmanbaria Zone,Lentil Medium- 25 Kg (C),3,87480,"27,300.00"
2026,June,Brahmanbaria Zone,Lentil Small- 25 Kg (C),1,87480,"11,625.00"
2026,June,Brahmanbaria Zone,Maida 1 kg,8,87480,"312,336.00"
2026,June,Brahmanbaria Zone,Meat Masala 100gm (C),2,87480,"3,022.56"
2026,June,Brahmanbaria Zone,Miniket 5 kg (T),3,87480,"21,600.00"
2026,June,Brahmanbaria Zone,Mustard Oil 5 Liter,8,87480,"230,920.00"
2026,June,Brahmanbaria Zone,Mustard Oil 8 Liter,4,87480,"60,420.00"
2026,June,Brahmanbaria Zone,Mustard oil 1000 ML,4,87480,"16,912.00"
2026,June,Brahmanbaria Zone,Mustard oil 200 ML,8,87480,"118,935.50"
2026,June,Brahmanbaria Zone,Mustard oil 250 ML,4,87480,"9,243.00"
2026,June,Brahmanbaria Zone,Mustard oil 500 ML,7,87480,"86,112.00"
2026,June,Brahmanbaria Zone,Mustard oil 80 ML,8,87480,"60,552.50"
2026,June,Brahmanbaria Zone,Premium Basmati 1 kg (T),4,87480,"29,050.00"
2026,June,Brahmanbaria Zone,Premium katari Ghee Bhog 5 kg (T),7,87480,"319,770.00"
2026,June,Brahmanbaria Zone,Red Lentil 1 kg,3,87480,"9,348.00"
2026,June,Brahmanbaria Zone,Roast Masala 35gm (C),3,87480,"8,934.50"
2026,June,Brahmanbaria Zone,Suji 200 g,2,87480,"13,008.00"
2026,June,Brahmanbaria Zone,Suji 500 g,8,87480,"275,470.00"
2026,June,Brahmanbaria Zone,Tea CD 500 gm,1,87480,"2,925.00"
2026,June,Brahmanbaria Zone,Tea LEAF 500 gm,2,87480,"2,970.00"
2026,June,Chakbazar Zone,Atta 1 kg,4,64800,"664,453.00"
2026,June,Chakbazar Zone,Atta 25 kg,1,64800,"4,750.00"
2026,June,Chakbazar Zone,Essential Puffed Rice 400 Gm,3,64800,"7,614.00"
2026,July,Agrabad Zone,Atta 1 kg,3,80080,"127,917.00"
2026,July,Agrabad Zone,Atta 5 kg,2,80080,"55,549.00"
2026,July,Agrabad Zone,Brown Atta 1 kg,2,80080,"81,134.00"
2026,July,Agrabad Zone,Chinigura Premium 1 kg (T),2,80080,"148,520.00"
2026,July,Agrabad Zone,Essential Mustard Oil 16 Kg Tin,3,80080,"107,840.00"
2026,July,Agrabad Zone,Essential Mustard Oil 8 Kg Tin,2,80080,"12,320.00"
2026,July,Agrabad Zone,Iodized Salt 1 kg,1,80080,"17,205.00"
2026,July,Agrabad Zone,Iodized Salt 500gm,1,80080,"18,088.00"
2026,July,Agrabad Zone,Katari Najir 10 kg (T),1,80080,"5,400.00"
2026,July,Agrabad Zone,Katari Najir 5 kg (T),1,80080,"12,555.00"
2026,July,Agrabad Zone,Lentil Medium- 25 Kg (C),1,80080,"7,050.00"
2026,July,Agrabad Zone,Maida 1 kg,2,80080,"65,140.00"
2026,July,Agrabad Zone,Miniket 5 kg (T),1,80080,"4,050.00"
2026,July,Agrabad Zone,Mustard oil 1000 ML,3,80080,"9,966.00"
2026,July,Agrabad Zone,Mustard oil 200 ML,1,80080,"3,175.00"
2026,July,Agrabad Zone,Mustard oil 250 ML,1,80080,869.00
2026,July,Agrabad Zone,Mustard oil 500 ML,1,80080,"4,524.00"
2026,July,Agrabad Zone,Mustard oil 80 ML,2,80080,"3,975.00"
2026,July,Agrabad Zone,Premium katari Ghee Bhog 5 kg (T),1,80080,"1,980.00"
2026,July,Agrabad Zone,Red Lentil 1 kg,1,80080,"51,642.00"
2026,July,Agrabad Zone,Suji 500 g,2,80080,"44,718.00"
2026,July,Bagerhat Zone,Atta 1 kg,7,74880,"702,109.00"
2026,July,Bagerhat Zone,Atta 5 kg,2,74880,"18,378.00"
2026,July,Bagerhat Zone,Biryani Masala 40gm (C),4,74880,"4,350.00"
2026,July,Bagerhat Zone,Brown Atta 1 kg,7,74880,"113,452.00"
2026,July,Bagerhat Zone,Chicken Masala 100gm (C),1,74880,813.80
2026,July,Bagerhat Zone,Chinigura Premium 1 kg (T),7,74880,"695,040.00"
2026,July,Bagerhat Zone,Deshi Basmoti 5 Kg (T),4,74880,"51,365.00"
2026,July,Bagerhat Zone,Essential Miniket 10 kg(T),2,74880,"2,640.00"
2026,July,Bagerhat Zone,Essential Mustard Oil 16 Kg Tin,6,74880,"593,630.00"
2026,July,Bagerhat Zone,Essential Mustard Oil 8 Kg Tin,7,74880,"475,430.00"
2026,July,Bagerhat Zone,Essential Puffed Rice 400 Gm,3,74880,"9,828.00"
2026,July,Bagerhat Zone,Iodized Salt 1 kg,6,74880,"198,024.00"
2026,July,Bagerhat Zone,Iodized Salt 500gm,6,74880,"124,469.00"
2026,July,Bagerhat Zone,Katari Najir 10 kg (T),3,74880,"28,800.00"
2026,July,Bagerhat Zone,Katari Najir 5 kg (T),5,74880,"43,710.00"
2026,July,Bagerhat Zone,Lachcha Semai 200gm (C),5,74880,"25,650.00"
2026,July,Bagerhat Zone,Lentil Small- 25 Kg (C),1,74880,"44,175.00"
2026,July,Bagerhat Zone,Maida 1 kg,7,74880,"188,054.00"
2026,July,Bagerhat Zone,Miniket 5 kg (T),7,74880,"94,050.00"
2026,July,Bagerhat Zone,Mustard Oil 5 Liter,5,74880,"32,900.00"
2026,July,Bagerhat Zone,Mustard Oil 8 Liter,1,74880,"39,750.00"
2026,July,Bagerhat Zone,Mustard oil 1000 ML,5,74880,"21,140.00"
2026,July,Bagerhat Zone,Mustard oil 200 ML,4,74880,"19,494.50"
2026,July,Bagerhat Zone,Mustard oil 250 ML,6,74880,"34,365.00"
2026,July,Bagerhat Zone,Mustard oil 500 ML,4,74880,"32,448.00"
2026,July,Bagerhat Zone,Mustard oil 80 ML,7,74880,"40,836.50"
2026,July,Bagerhat Zone,Premium Basmati 1 kg (T),6,74880,"28,700.00"
2026,July,Bagerhat Zone,Premium katari Ghee Bhog 5 kg (T),4,74880,"17,820.00"
2026,July,Bagerhat Zone,Red Lentil 1 kg,2,74880,"2,964.00"
2026,July,Bagerhat Zone,Roast Masala 35gm (C),2,74880,"1,284.00"
2026,July,Bagerhat Zone,Suji 200 g,6,74880,"25,120.00"
2026,July,Bagerhat Zone,Suji 500 g,6,74880,"89,646.00"
2026,July,Bagerhat Zone,Tea DUST 500 gm,3,74880,"25,545.00"
2026,July,Bagerhat Zone,Tea LEAF 500 gm,2,74880,"44,583.00"
2026,July,Barishal Zone,Atta 1 kg,10,199680,"752,429.00"
2026,July,Barishal Zone,Atta 2 kg,7,199680,"107,887.50"
2026,July,Barishal Zone,Atta 25 kg,1,199680,"1,200.00"
2026,July,Barishal Zone,Atta 5 kg,8,199680,"102,010.00"
2026,July,Barishal Zone,Biryani Masala 40gm (C),5,199680,"7,900.00"
2026,July,Barishal Zone,Brown Atta 1 kg,10,199680,"122,954.00"
2026,July,Barishal Zone,Chicken Masala 100gm (C),1,199680,"4,394.52"
2026,July,Barishal Zone,Chinigura Premium 1 kg (T),8,199680,"917,392.00"
2026,July,Barishal Zone,Deshi Basmoti 5 Kg (T),4,199680,"20,235.00"
2026,July,Barishal Zone,Essential Miniket 10 kg(T),1,199680,"3,520.00"
2026,July,Barishal Zone,Essential Mustard Oil 16 Kg Tin,9,199680,"755,330.00"
2026,July,Barishal Zone,Essential Mustard Oil 8 Kg Tin,6,199680,"128,490.00"
2026,July,Barishal Zone,Essentials Chili Powder 5 Kg,1,199680,"14,800.00"
2026,July,Barishal Zone,Essentials Turmeric Powder 5 Kg,3,199680,"34,100.00"
2026,July,Barishal Zone,Iodized Salt 1 kg,8,199680,"235,949.00"
2026,July,Barishal Zone,Iodized Salt 500gm,1,199680,"11,647.00"
2026,July,Barishal Zone,Katari Najir 10 kg (T),2,199680,"7,200.00"
2026,July,Barishal Zone,Katari Najir 5 kg (T),5,199680,"43,245.00"
2026,July,Barishal Zone,Lachcha Semai 200gm (C),4,199680,"11,704.00"
2026,July,Barishal Zone,Maida 1 kg,9,199680,"141,966.00"
2026,July,Barishal Zone,Maida 25 kg (C),4,199680,"1,926,840.00"
2026,July,Barishal Zone,Meat Masala 100gm (C),1,199680,755.64
2026,July,Barishal Zone,Miniket 5 kg (T),8,199680,"41,400.00"
2026,July,Barishal Zone,Mustard Oil 5 Liter,8,199680,"85,775.00"
2026,July,Barishal Zone,Mustard Oil 8 Liter,4,199680,"20,670.00"
2026,July,Barishal Zone,Mustard oil 1000 ML,6,199680,"25,368.00"
2026,July,Barishal Zone,Mustard oil 200 ML,6,199680,"31,305.50"
2026,July,Barishal Zone,Mustard oil 250 ML,1,199680,"2,844.00"
2026,July,Barishal Zone,Mustard oil 500 ML,8,199680,"19,032.00"
2026,July,Barishal Zone,Mustard oil 80 ML,8,199680,"50,138.00"
2026,July,Barishal Zone,Premium Basmati 1 kg (T),1,199680,"1,050.00"
2026,July,Barishal Zone,Premium katari Ghee Bhog 5 kg (T),1,199680,990.00
2026,July,Barishal Zone,Red Lentil 1 kg,1,199680,"2,280.00"
2026,July,Barishal Zone,Roast Masala 35gm (C),4,199680,"6,848.00"
2026,July,Barishal Zone,Suji 500 g,9,199680,"130,626.00"
2026,July,Barishal Zone,Tea DUST 500 gm,5,199680,"21,060.00"
2026,July,Barishal Zone,Tea LEAF 500 gm,4,199680,"23,241.00"
2026,July,Bhola Zone,Atta 1 kg,5,41600,"514,227.00"
2026,July,Bhola Zone,Atta 25 kg,1,41600,"2,400.00"
2026,July,Bhola Zone,Atta 5 kg,2,41600,"5,060.00"
2026,July,Bhola Zone,Biryani Masala 40gm (C),5,41600,"9,550.00"
2026,July,Bhola Zone,Brown Atta 1 kg,5,41600,"62,474.00"
2026,July,Bhola Zone,Brown Atta 2 kg,1,41600,"1,452.00"
2026,July,Bhola Zone,Chicken Masala 100gm (C),3,41600,"4,150.38"
2026,July,Bhola Zone,Chinigura Premium 1 kg (T),5,41600,"180,104.00"
2026,July,Bhola Zone,Deshi Basmoti 5 Kg (T),1,41600,"3,850.00"
2026,July,Bhola Zone,Essential Miniket 10 kg(T),1,41600,"3,520.00"
2026,July,Bhola Zone,Essential Mustard Oil 16 Kg Tin,5,41600,"738,720.00"
2026,July,Bhola Zone,Essential Mustard Oil 8 Kg Tin,5,41600,"234,250.00"
2026,July,Bhola Zone,Essential Puffed Rice 400 Gm,1,41600,"8,532.00"
2026,July,Bhola Zone,Essentials Chili Powder 5 Kg,2,41600,"29,600.00"
2026,July,Bhola Zone,Essentials Turmeric Powder 5 Kg,4,41600,"27,900.00"
2026,July,Bhola Zone,Iodized Salt 1 kg,5,41600,"148,555.00"
2026,July,Bhola Zone,Katari Najir 5 kg (T),4,41600,"13,020.00"
2026,July,Bhola Zone,Lachcha Semai 200gm (C),3,41600,"9,956.00"
2026,July,Bhola Zone,Lentil Medium- 25 Kg (C),2,41600,"38,900.00"
2026,July,Bhola Zone,Lentil Small- 25 Kg (C),1,41600,"35,550.00"
2026,July,Bhola Zone,Maida 1 kg,5,41600,"52,016.00"
2026,July,Bhola Zone,Meat Masala 100gm (C),2,41600,755.64
2026,July,Bhola Zone,Miniket 25 kg (C),1,41600,"2,125.00"
2026,July,Bhola Zone,Miniket 5 kg (T),5,41600,"34,200.00"
2026,July,Bhola Zone,Mustard Oil 5 Liter,4,41600,"14,100.00"
2026,July,Bhola Zone,Mustard Oil 8 Liter,1,41600,"36,570.00"
2026,July,Bhola Zone,Mustard oil 1000 ML,3,41600,"10,570.00"
2026,July,Bhola Zone,Mustard oil 200 ML,5,41600,"34,290.00"
2026,July,Bhola Zone,Mustard oil 500 ML,4,41600,"19,188.00"
2026,July,Bhola Zone,Mustard oil 80 ML,5,41600,"47,090.50"
2026,July,Bhola Zone,Premium Basmati 1 kg (T),2,41600,"3,150.00"
2026,July,Bhola Zone,Red Lentil 1 kg,3,41600,"11,970.00"
2026,July,Bhola Zone,Roast Masala 35gm (C),5,41600,"4,012.50"
2026,July,Bhola Zone,Suji 200 g,1,41600,"4,512.00"
2026,July,Bhola Zone,Suji 500 g,5,41600,"227,277.00"
2026,July,Bhola Zone,Tea LEAF 500 gm,3,41600,"17,349.00"
2026,July,Bogura Zone,Atta 1 kg,7,87360,"239,367.00"
2026,July,Bogura Zone,Atta 5 kg,2,87360,"12,890.00"
2026,July,Bogura Zone,Biryani Masala 40gm (C),2,87360,600.00
2026,July,Bogura Zone,Brown Atta 1 kg,7,87360,"159,056.00"
2026,July,Bogura Zone,Chicken Masala 100gm (C),1,87360,"1,057.94"
2026,July,Bogura Zone,Chinigura Premium 1 kg (T),3,87360,"45,156.00"
2026,July,Bogura Zone,Essential Miniket 10 kg(T),1,87360,"4,400.00"
2026,July,Bogura Zone,Iodized Salt 1 kg,6,87360,"218,744.00"
2026,July,Bogura Zone,Iodized Salt 500gm,6,87360,"97,071.00"
2026,July,Bogura Zone,Lachcha Semai 200gm (C),2,87360,"1,140.00"
2026,July,Bogura Zone,Maida 1 kg,6,87360,"54,264.00"
2026,July,Bogura Zone,Meat Masala 100gm (C),2,87360,"3,274.44"
2026,July,Bogura Zone,Mustard oil 1000 ML,1,87360,"6,040.00"
2026,July,Bogura Zone,Mustard oil 200 ML,3,87360,"1,016.00"
2026,July,Bogura Zone,Mustard oil 250 ML,2,87360,"3,476.00"
2026,July,Bogura Zone,Mustard oil 500 ML,3,87360,"4,836.00"
2026,July,Bogura Zone,Mustard oil 80 ML,4,87360,"3,418.50"
2026,July,Bogura Zone,Premium Basmati 1 kg (T),1,87360,"2,800.00"
2026,July,Bogura Zone,Red Lentil 1 kg,2,87360,"2,166.00"
2026,July,Bogura Zone,Roast Masala 35gm (C),1,87360,481.50
2026,July,Bogura Zone,Suji 200 g,7,87360,"2,736.00"
2026,July,Bogura Zone,Suji 500 g,5,87360,"22,530.00"
2026,July,Brahmanbaria Zone,Atta 1 kg,8,74880,"1,487,569.00"
2026,July,Brahmanbaria Zone,Atta 2 kg,5,74880,"423,355.00"
2026,July,Brahmanbaria Zone,Atta 5 kg,7,74880,"912,039.00"
2026,July,Brahmanbaria Zone,Biryani Masala 40gm (C),5,74880,"7,450.00"
2026,July,Brahmanbaria Zone,Brown Atta 1 kg,7,74880,"195,074.00"
2026,July,Brahmanbaria Zone,Chicken Masala 100gm (C),1,74880,244.14
2026,July,Brahmanbaria Zone,Chinigura Premium 1 kg (T),8,74880,"3,515,562.00"
2026,July,Brahmanbaria Zone,Chinigura Premium-New 25 kg (C),1,74880,"171,550.00"
2026,July,Brahmanbaria Zone,Deshi Basmoti 5 Kg (T),1,74880,490.00
2026,July,Brahmanbaria Zone,Essential Miniket 10 kg(T),1,74880,"3,520.00"
2026,July,Brahmanbaria Zone,Essential Mustard Oil 16 Kg Tin,7,74880,"195,490.00"
2026,July,Brahmanbaria Zone,Essential Puffed Rice 400 Gm,5,74880,"57,456.00"
2026,July,Brahmanbaria Zone,Essentials Chili Powder 5 Kg,3,74880,"66,600.00"
2026,July,Brahmanbaria Zone,Essentials Turmeric Powder 5 Kg,4,74880,"58,900.00"
2026,July,Brahmanbaria Zone,Iodized Salt 1 kg,8,74880,"634,069.00"
2026,July,Brahmanbaria Zone,Iodized Salt 500gm,7,74880,"131,100.00"
2026,July,Brahmanbaria Zone,Katari Najir 10 kg (T),4,74880,"105,300.00"
2026,July,Brahmanbaria Zone,Katari Najir 5 kg (T),6,74880,"36,735.00"
2026,July,Brahmanbaria Zone,Lachcha Semai 200gm (C),5,74880,"7,676.00"
2026,July,Brahmanbaria Zone,Lentil Medium- 25 Kg (C),2,74880,"16,450.00"
2026,July,Brahmanbaria Zone,Maida 1 kg,7,74880,"153,550.00"
2026,July,Brahmanbaria Zone,Meat Masala 100gm (C),2,74880,335.84
2026,July,Brahmanbaria Zone,Miniket 25 kg (C),1,74880,"12,750.00"
2026,July,Brahmanbaria Zone,Miniket 5 kg (T),4,74880,"13,050.00"
2026,July,Brahmanbaria Zone,Mustard Oil 5 Liter,7,74880,"69,325.00"
2026,July,Brahmanbaria Zone,Mustard Oil 8 Liter,5,74880,"63,600.00"
2026,July,Brahmanbaria Zone,Mustard oil 1000 ML,4,74880,"25,368.00"
2026,July,Brahmanbaria Zone,Mustard oil 200 ML,7,74880,"56,007.00"
2026,July,Brahmanbaria Zone,Mustard oil 250 ML,4,74880,"7,347.00"
2026,July,Brahmanbaria Zone,Mustard oil 500 ML,5,74880,"24,024.00"
2026,July,Brahmanbaria Zone,Mustard oil 80 ML,8,74880,"32,224.00"
2026,July,Brahmanbaria Zone,Paijam 25 kg (C),2,74880,"4,545.00"
2026,July,Brahmanbaria Zone,Premium Basmati 1 kg (T),4,74880,"8,050.00"
2026,July,Brahmanbaria Zone,Premium katari Ghee Bhog 5 kg (T),7,74880,"309,870.00"
2026,July,Brahmanbaria Zone,Red Lentil 1 kg,3,74880,"8,436.00"
2026,July,Brahmanbaria Zone,Suji 200 g,2,74880,"11,392.00"
2026,July,Brahmanbaria Zone,Suji 500 g,8,74880,"189,579.00"
2026,July,Brahmanbaria Zone,Tea CD 500 gm,1,74880,"1,170.00"
2026,July,Brahmanbaria Zone,Tea LEAF 500 gm,7,74880,"43,839.00"
2026,July,Chakbazar Zone,Atta 1 kg,5,83200,"754,011.00"
2026,July,Chakbazar Zone,Atta 2 kg,1,83200,"1,414.00"
2026,July,Chakbazar Zone,Atta 5 kg,5,83200,"435,457.00"
2026,July,Chakbazar Zone,Brown Atta 1 kg,5,83200,"349,368.00"
2026,July,Chakbazar Zone,Chinigura Premium 1 kg (T),5,83200,"763,078.00"
2026,July,Chakbazar Zone,Essential Mustard Oil 16 Kg Tin,5,83200,"670,870.00"
2026,July,Chakbazar Zone,Essential Mustard Oil 8 Kg Tin,2,83200,"59,860.00"
2026,July,Chakbazar Zone,Essential Puffed Rice 400 Gm,3,83200,"11,232.00"
2026,July,Chakbazar Zone,Essentials Chili Powder 5 Kg,1,83200,"37,000.00"
2026,July,Chakbazar Zone,Essentials Turmeric Powder 5 Kg,1,83200,"18,600.00"
2026,July,Chakbazar Zone,Iodized Salt 1 kg,5,83200,"311,318.00"
2026,August,Agrabad Zone,Atta 1 kg,1,130680,"136,644.00"
2026,August,Agrabad Zone,Atta 5 kg,1,130680,"96,762.00"
2026,August,Agrabad Zone,Biryani Masala 40gm (C),1,130680,"1,600.00"
2026,August,Agrabad Zone,Brown Atta 1 kg,2,130680,"129,524.00"
2026,August,Agrabad Zone,Chinigura Premium 1 kg (T),1,130680,"66,990.00"
2026,August,Agrabad Zone,Essential Mustard Oil 16 Kg Tin,2,130680,"278,190.00"
2026,August,Agrabad Zone,Essential Mustard Oil 8 Kg Tin,2,130680,"27,600.00"
2026,August,Agrabad Zone,Iodized Salt 1 kg,2,130680,"35,694.00"
2026,August,Agrabad Zone,Iodized Salt 500gm,2,130680,"23,905.00"
2026,August,Agrabad Zone,Katari Atop 25 kg (C),2,130680,"55,440.00"
2026,August,Agrabad Zone,Katari Ghee Bhog 25 kg (C),1,130680,"36,400.00"
2026,August,Agrabad Zone,Katari Najir 10 kg (T),1,130680,"12,300.00"
2026,August,Agrabad Zone,Katari Najir 25 kg (C),1,130680,"10,450.00"
2026,August,Agrabad Zone,Katari Najir 5 kg (T),2,130680,"19,805.00"
2026,August,Agrabad Zone,Lentil Medium- 25 Kg (C),1,130680,"13,350.00"
2026,August,Agrabad Zone,Maida 1 kg,2,130680,"62,594.00"
2026,August,Agrabad Zone,Maida 25 kg (C),2,130680,"14,775.00"
2026,August,Agrabad Zone,Miniket 5 kg (T),1,130680,"1,820.00"
2026,August,Agrabad Zone,Mustard oil 1000 ML,1,130680,"7,550.00"
2026,August,Agrabad Zone,Mustard oil 250 ML,2,130680,"1,027.00"
2026,August,Agrabad Zone,Mustard oil 500 ML,1,130680,"3,120.00"
2026,August,Agrabad Zone,Mustard oil 80 ML,2,130680,"3,630.50"
2026,August,Agrabad Zone,Paijam 25 kg (C),1,130680,"12,120.00"
2026,August,Agrabad Zone,Premium Basmati 1 kg (T),1,130680,350.00
2026,August,Agrabad Zone,Premium katari Ghee Bhog 5 kg (T),2,130680,"9,010.00"
2026,August,Agrabad Zone,Red Lentil 1 kg,2,130680,"44,041.00"
2026,August,Agrabad Zone,Suji 500 g,1,130680,"90,018.00"
2026,August,Bagerhat Zone,Atta 1 kg,7,155520,"1,146,764.50"
2026,August,Bagerhat Zone,Atta 5 kg,3,155520,"64,359.00"
2026,August,Bagerhat Zone,Biryani Masala 40gm (C),4,155520,"19,400.00"
2026,August,Bagerhat Zone,Brown Atta 1 kg,7,155520,"103,766.00"
2026,August,Bagerhat Zone,Chicken Masala 100gm (C),2,155520,"11,230.44"
2026,August,Bagerhat Zone,Chinigura Premium 1 kg (T),6,155520,"543,690.00"
2026,August,Bagerhat Zone,Deshi Basmoti 5 Kg (T),6,155520,"63,250.00"
2026,August,Bagerhat Zone,Essential Miniket 10 kg(T),4,155520,"35,920.00"
2026,August,Bagerhat Zone,Essential Mustard Oil 16 Kg Tin,7,155520,"818,400.00"
2026,August,Bagerhat Zone,Essential Mustard Oil 8 Kg Tin,7,155520,"659,345.00"
2026,August,Bagerhat Zone,Essential Puffed Rice 400 Gm,1,155520,108.00
2026,August,Bagerhat Zone,Iodized Salt 1 kg,5,155520,"133,974.00"
2026,August,Bagerhat Zone,Iodized Salt 500gm,6,155520,"82,910.00"
2026,August,Bagerhat Zone,Katari Najir 10 kg (T),1,155520,"3,840.00"
2026,August,Bagerhat Zone,Katari Najir 5 kg (T),6,155520,"132,570.00"
2026,August,Bagerhat Zone,Lachcha Semai 200gm (C),6,155520,"52,744.00"
2026,August,Bagerhat Zone,Maida 1 kg,7,155520,"283,719.00"
2026,August,Bagerhat Zone,Maida 25 kg (C),1,155520,"173,450.00"
2026,August,Bagerhat Zone,Meat Masala 100gm (C),1,155520,"5,121.56"
2026,August,Bagerhat Zone,Miniket 5 kg (T),6,155520,"68,180.00"
2026,August,Bagerhat Zone,Mustard Oil 5 Liter,6,155520,"36,425.00"
2026,August,Bagerhat Zone,Mustard Oil 8 Liter,1,155520,"45,860.00"
2026,August,Bagerhat Zone,Mustard oil 1000 ML,5,155520,"14,496.00"
2026,August,Bagerhat Zone,Mustard oil 200 ML,4,155520,"30,988.00"
2026,August,Bagerhat Zone,Mustard oil 250 ML,5,155520,"24,569.00"
2026,August,Bagerhat Zone,Mustard oil 500 ML,5,155520,"27,456.00"
2026,August,Bagerhat Zone,Mustard oil 80 ML,7,155520,"46,507.50"
2026,August,Bagerhat Zone,Premium Basmati 1 kg (T),5,155520,"23,100.00"
2026,August,Bagerhat Zone,Premium katari Ghee Bhog 5 kg (T),3,155520,"28,270.00"
2026,August,Bagerhat Zone,Roast Masala 35gm (C),1,155520,"4,066.00"
2026,August,Bagerhat Zone,Suji 200 g,7,155520,"38,166.00"
2026,August,Bagerhat Zone,Suji 500 g,7,155520,"129,854.00"
2026,August,Bagerhat Zone,Tea DUST 500 gm,5,155520,"76,635.00"
2026,August,Bagerhat Zone,Tea LEAF 500 gm,4,155520,"29,826.00"
2026,August,Barishal Zone,Atash 25 Kg (C),1,380160,"71,060.00"
2026,August,Barishal Zone,Atta 1 kg,9,380160,"1,375,832.00"
2026,August,Barishal Zone,Atta 2 kg,8,380160,"120,894.00"
2026,August,Barishal Zone,Atta 5 kg,7,380160,"238,011.00"
2026,August,Barishal Zone,Biryani Masala 40gm (C),6,380160,"4,700.00"
2026,August,Barishal Zone,Brown Atta 1 kg,7,380160,"150,536.00"
2026,August,Barishal Zone,Chicken Masala 100gm (C),4,380160,"4,313.14"
2026,August,Barishal Zone,Chinigura Premium 1 kg (T),8,380160,"697,410.00"
2026,August,Barishal Zone,Deshi Basmoti 25 Kg (C),1,380160,"2,375.00"
2026,August,Barishal Zone,Deshi Basmoti 5 Kg (T),5,380160,"19,250.00"
2026,August,Barishal Zone,Essential Miniket 10 kg(T),3,380160,"31,500.00"
2026,August,Barishal Zone,Essential Mustard Oil 16 Kg Tin,9,380160,"980,930.00"
2026,August,Barishal Zone,Essential Mustard Oil 8 Kg Tin,9,380160,"188,525.00"
2026,August,Barishal Zone,Essentials Chili Powder 5 Kg,3,380160,"22,200.00"
2026,August,Barishal Zone,Essentials Turmeric Powder 5 Kg,5,380160,"42,050.00"
2026,August,Barishal Zone,Iodized Salt 1 kg,10,380160,"222,850.00"
2026,August,Barishal Zone,Iodized Salt 500gm,1,380160,975.00
2026,August,Barishal Zone,Katari Najir 10 kg (T),3,380160,"11,520.00"
2026,August,Barishal Zone,Katari Najir 25 kg (C),1,380160,"4,180.00"
2026,August,Barishal Zone,Katari Najir 5 kg (T),5,380160,"39,410.00"
2026,August,Barishal Zone,Lachcha Semai 200gm (C),5,380160,"19,760.00"
2026,August,Barishal Zone,Lentil Medium- 25 Kg (C),1,380160,"2,225.00"
2026,August,Barishal Zone,Maida 1 kg,9,380160,"567,071.00"
2026,August,Barishal Zone,Maida 25 kg (C),6,380160,"3,392,200.00"
2026,August,Barishal Zone,Meat Masala 100gm (C),3,380160,"1,763.16"
2026,August,Barishal Zone,Miniket 25 kg (C),2,380160,"57,375.00"
2026,August,Barishal Zone,Miniket 5 kg (T),7,380160,"51,345.00"
2026,August,Barishal Zone,Mustard Oil 5 Liter,6,380160,"74,025.00"
2026,August,Barishal Zone,Mustard Oil 8 Liter,8,380160,"113,800.00"
2026,August,Barishal Zone,Mustard oil 1000 ML,5,380160,"21,140.00"
2026,August,Barishal Zone,Mustard oil 200 ML,9,380160,"37,528.50"
2026,August,Barishal Zone,Mustard oil 250 ML,3,380160,"23,147.00"
2026,August,Barishal Zone,Mustard oil 500 ML,9,380160,"14,352.00"
2026,August,Barishal Zone,Mustard oil 80 ML,8,380160,"38,054.00"
2026,August,Barishal Zone,Paijam 25 kg (C),3,380160,"534,795.00"
2026,August,Barishal Zone,Premium Basmati 1 kg (T),3,380160,"3,150.00"
2026,August,Barishal Zone,Premium katari Ghee Bhog 5 kg (T),1,380160,"22,790.00"
2026,August,Barishal Zone,Roast Masala 35gm (C),3,380160,"1,712.00"
2026,August,Barishal Zone,Suji 500 g,10,380160,"286,074.00"
2026,August,Barishal Zone,Tea DUST 500 gm,6,380160,"88,725.00"
2026,August,Barishal Zone,Tea LEAF 500 gm,4,380160,"32,859.00"
2026,August,Bhola Zone,Atash 25 Kg (C),1,95040,"48,450.00"
2026,August,Bhola Zone,Atta 1 kg,5,95040,"919,381.00"
2026,August,Bhola Zone,Atta 25 kg,5,95040,"16,575.00"
2026,August,Bhola Zone,Atta 5 kg,1,95040,530.00
2026,August,Bhola Zone,Biryani Masala 40gm (C),2,95040,"1,350.00"
2026,August,Bhola Zone,Brown Atta 1 kg,5,95040,"112,961.00"
2026,August,Bhola Zone,Chicken Masala 100gm (C),3,95040,"3,499.34"
2026,August,Bhola Zone,Chinigura Premium 1 kg (T),5,95040,"176,820.00"
2026,August,Bhola Zone,Deshi Basmoti 5 Kg (T),1,95040,"4,950.00"
2026,August,Bhola Zone,Essential Miniket 10 kg(T),3,95040,"5,400.00"
2026,August,Bhola Zone,Essential Mustard Oil 16 Kg Tin,5,95040,"806,090.00"
2026,August,Bhola Zone,Essential Mustard Oil 8 Kg Tin,5,95040,"131,710.00"
2026,August,Bhola Zone,Essentials Chili Powder 5 Kg,3,95040,"62,900.00"
2026,August,Bhola Zone,Essentials Turmeric Powder 5 Kg,4,95040,"25,550.00"
2026,August,Bhola Zone,Iodized Salt 1 kg,5,95040,"181,473.00"
2026,August,Bhola Zone,Katari Najir 5 kg (T),4,95040,"32,335.00"
2026,August,Bhola Zone,Lachcha Semai 200gm (C),3,95040,"25,498.00"
2026,August,Bhola Zone,Lentil Medium- 25 Kg (C),3,95040,"78,325.00"
2026,August,Bhola Zone,Lentil Small- 25 Kg (C),1,95040,"45,600.00"
2026,August,Bhola Zone,Maida 1 kg,5,95040,"123,327.00"
2026,August,Bhola Zone,Meat Masala 100gm (C),2,95040,167.92
2026,August,Bhola Zone,Miniket 25 kg (C),1,95040,"4,250.00"
2026,August,Bhola Zone,Miniket 5 kg (T),4,95040,"47,680.00"
2026,August,Bhola Zone,Mustard Oil 5 Liter,4,95040,"15,275.00"
2026,August,Bhola Zone,Mustard Oil 8 Liter,1,95040,"23,710.00"
2026,August,Bhola Zone,Mustard oil 1000 ML,3,95040,"28,388.00"
2026,August,Bhola Zone,Mustard oil 200 ML,5,95040,"30,353.00"
2026,August,Bhola Zone,Mustard oil 250 ML,2,95040,"6,873.00"
2026,August,Bhola Zone,Mustard oil 500 ML,3,95040,"17,784.00"
2026,August,Bhola Zone,Mustard oil 80 ML,5,95040,"40,677.50"
2026,August,Bhola Zone,Paijam 25 kg (C),1,95040,"12,120.00"
2026,August,Bhola Zone,Premium Basmati 1 kg (T),2,95040,"3,150.00"
2026,August,Bhola Zone,Red Lentil 1 kg,4,95040,"39,871.00"
2026,August,Bhola Zone,Roast Masala 35gm (C),3,95040,"2,140.00"
2026,August,Bhola Zone,Suji 200 g,2,95040,"14,544.00"
2026,August,Bhola Zone,Suji 500 g,5,95040,"505,934.00"
2026,August,Bhola Zone,Tea LEAF 500 gm,4,95040,"53,610.00"
2026,August,Bogura Zone,Atash 25 Kg (C),1,181440,"3,230.00"
2026,August,Bogura Zone,Atta 1 kg,5,181440,"152,564.50"
2026,August,Bogura Zone,Atta 5 kg,1,181440,"27,079.00"
2026,August,Bogura Zone,Biryani Masala 40gm (C),1,181440,200.00
2026,August,Bogura Zone,Brown Atta 1 kg,5,181440,"100,139.00"
2026,August,Bogura Zone,Chicken Masala 100gm (C),1,181440,976.56
2026,August,Bogura Zone,Chinigura Premium 1 kg (T),4,181440,"51,870.00"
2026,August,Bogura Zone,Essential Miniket 10 kg(T),1,181440,"2,700.00"
2026,August,Bogura Zone,Iodized Salt 1 kg,5,181440,"257,671.00"
2026,August,Bogura Zone,Iodized Salt 500gm,5,181440,"117,448.00"
2026,August,Bogura Zone,Lachcha Semai 200gm (C),1,181440,494.00
2026,August,Bogura Zone,Maida 1 kg,5,181440,"20,675.00"
2026,August,Bogura Zone,Meat Masala 100gm (C),1,181440,503.76
2026,August,Bogura Zone,Miniket 5 kg (T),1,181440,910.00
2026,August,Bogura Zone,Mustard oil 1000 ML,2,181440,"5,738.00"
2026,August,Bogura Zone,Mustard oil 250 ML,2,181440,"3,239.00"
2026,August,Bogura Zone,Mustard oil 500 ML,2,181440,"4,368.00"
2026,August,Bogura Zone,Mustard oil 80 ML,4,181440,"4,929.00"
2026,August,Bogura Zone,Premium Basmati 1 kg (T),1,181440,"4,550.00"
2026,August,Bogura Zone,Red Lentil 1 kg,1,181440,584.00
2026,August,Bogura Zone,Roast Masala 35gm (C),1,181440,321.00
2026,August,Bogura Zone,Suji 200 g,4,181440,"10,579.00"
2026,August,Bogura Zone,Suji 500 g,5,181440,"37,684.00"
2026,August,Brahmanbaria Zone,Atta 1 kg,8,155520,"2,968,548.00"
2026,August,Brahmanbaria Zone,Atta 2 kg,5,155520,"531,286.00"
2026,August,Brahmanbaria Zone,Atta 5 kg,7,155520,"1,352,844.00"
2026,August,Brahmanbaria Zone,Biryani Masala 40gm (C),2,155520,"3,800.00"
2026,August,Brahmanbaria Zone,Brown Atta 1 kg,8,155520,"294,816.00"
2026,August,Brahmanbaria Zone,Chinigura Premium 1 kg (T),8,155520,"2,943,360.00"
2026,August,Brahmanbaria Zone,Essential Miniket 10 kg(T),2,155520,"12,600.00"
2026,August,Brahmanbaria Zone,Essential Mustard Oil 16 Kg Tin,7,155520,"308,430.00"
2026,August,Brahmanbaria Zone,Essential Mustard Oil 8 Kg Tin,2,155520,"12,040.00"
2026,August,Brahmanbaria Zone,Essential Puffed Rice 400 Gm,4,155520,"25,974.00"
2026,August,Brahmanbaria Zone,Essentials Chili Powder 5 Kg,3,155520,"131,350.00"
2026,August,Brahmanbaria Zone,Essentials Turmeric Powder 5 Kg,4,155520,"42,300.00"
2026,August,Brahmanbaria Zone,Iodized Salt 1 kg,8,155520,"425,582.00"
2026,August,Brahmanbaria Zone,Iodized Salt 500gm,6,155520,"90,407.00"
2026,August,Brahmanbaria Zone,Katari Najir 10 kg (T),4,155520,"63,720.00"
2026,August,Brahmanbaria Zone,Katari Najir 5 kg (T),5,155520,"83,340.00"
2026,August,Brahmanbaria Zone,Lachcha Semai 200gm (C),3,155520,"4,522.00"
2026,August,Brahmanbaria Zone,Lentil Medium- 25 Kg (C),4,155520,"56,075.00"
2026,August,Brahmanbaria Zone,Lentil Small- 25 Kg (C),1,155520,"2,600.00"
2026,August,Brahmanbaria Zone,Maida 1 kg,8,155520,"323,934.00"
2026,August,Brahmanbaria Zone,Meat Masala 100gm (C),1,155520,251.88
2026,August,Brahmanbaria Zone,Miniket 5 kg (T),3,155520,"8,645.00"
2026,August,Brahmanbaria Zone,Mustard Oil 5 Liter,8,155520,"198,575.00"
2026,August,Brahmanbaria Zone,Mustard Oil 8 Liter,7,155520,"153,410.00"
2026,August,Brahmanbaria Zone,Mustard oil 1000 ML,6,155520,"20,536.00"
2026,August,Brahmanbaria Zone,Mustard oil 200 ML,7,155520,"65,976.50"
2026,August,Brahmanbaria Zone,Mustard oil 250 ML,5,155520,"20,382.00"
2026,August,Brahmanbaria Zone,Mustard oil 500 ML,6,155520,"24,492.00"
2026,August,Brahmanbaria Zone,Mustard oil 80 ML,7,155520,"45,845.00"
2026,August,Brahmanbaria Zone,Premium Basmati 1 kg (T),2,155520,"9,100.00"
2026,August,Brahmanbaria Zone,Premium katari Ghee Bhog 5 kg (T),6,155520,"434,150.00"
2026,August,Brahmanbaria Zone,Red Lentil 1 kg,2,155520,"16,895.00"
2026,August,Brahmanbaria Zone,Suji 200 g,2,155520,"33,188.00"
2026,August,Brahmanbaria Zone,Suji 500 g,8,155520,"342,042.00"
2026,August,Brahmanbaria Zone,Tea CD 500 gm,1,155520,"8,190.00"
2026,August,Brahmanbaria Zone,Tea LEAF 500 gm,8,155520,"56,703.00"
2026,August,Chakbazar Zone,Atta 1 kg,6,172800,"1,410,399.50"
2026,August,Chakbazar Zone,Essential Puffed Rice 400 Gm,2,172800,"2,052.00"
2026,September,Agrabad Zone,Atta 1 kg,2,130680,"107,815.50"
2026,September,Agrabad Zone,Atta 5 kg,2,130680,"34,072.00"
2026,September,Agrabad Zone,Brown Atta 1 kg,2,130680,"87,995.00"
2026,September,Agrabad Zone,Chinigura Premium 1 kg (T),1,130680,"84,210.00"
2026,September,Agrabad Zone,Essential Mustard Oil 16 Kg Tin,2,130680,"113,900.00"
2026,September,Agrabad Zone,Essential Mustard Oil 8 Kg Tin,2,130680,"12,215.00"
2026,September,Agrabad Zone,Essential Puffed Rice 400 Gm,1,130680,"1,296.00"
2026,September,Agrabad Zone,Iodized Salt 1 kg,2,130680,"47,449.50"
2026,September,Agrabad Zone,Iodized Salt 500gm,2,130680,"31,792.50"
2026,September,Agrabad Zone,Katari Atop 25 kg (C),1,130680,"11,550.00"
2026,September,Agrabad Zone,Katari Ghee Bhog 25 kg (C),1,130680,"6,825.00"
2026,September,Agrabad Zone,Katari Najir 10 kg (T),1,130680,"5,760.00"
2026,September,Agrabad Zone,Katari Najir 25 kg (C),1,130680,"6,270.00"
2026,September,Agrabad Zone,Katari Najir 5 kg (T),2,130680,"4,850.00"
2026,September,Agrabad Zone,Lentil Medium- 25 Kg (C),2,130680,"20,475.00"
2026,September,Agrabad Zone,Maida 1 kg,2,130680,"63,806.00"
2026,September,Agrabad Zone,Maida 25 kg (C),1,130680,"5,175.00"
2026,September,Agrabad Zone,Mustard oil 1000 ML,1,130680,"1,812.00"
2026,September,Agrabad Zone,Mustard oil 200 ML,1,130680,"1,524.00"
2026,September,Agrabad Zone,Mustard oil 250 ML,1,130680,869.00
2026,September,Agrabad Zone,Mustard oil 500 ML,1,130680,624.00
2026,September,Agrabad Zone,Mustard oil 80 ML,1,130680,"1,934.50"
2026,September,Agrabad Zone,Premium katari Ghee Bhog 5 kg (T),2,130680,"7,950.00"
2026,September,Agrabad Zone,Red Lentil 1 kg,2,130680,"40,946.00"
2026,September,Agrabad Zone,Suji 500 g,2,130680,"65,640.00"
2026,September,Bagerhat Zone,Atta 1 kg,7,155520,"656,414.50"
2026,September,Bagerhat Zone,Atta 5 kg,3,155520,"64,941.00"
2026,September,Bagerhat Zone,Biryani Masala 40gm (C),5,155520,"18,000.00"
2026,September,Bagerhat Zone,Brown Atta 1 kg,7,155520,"83,630.00"
2026,September,Bagerhat Zone,Chicken Masala 100gm (C),2,155520,"9,277.32"
2026,September,Bagerhat Zone,Chinigura Premium 1 kg (T),7,155520,"303,450.00"
2026,September,Bagerhat Zone,Chinigura Premium-New 25 kg (C),1,155520,"54,750.00"
2026,September,Bagerhat Zone,Deshi Basmoti 5 Kg (T),6,155520,"51,700.00"
2026,September,Bagerhat Zone,Essential Miniket 10 kg(T),2,155520,"18,000.00"
2026,September,Bagerhat Zone,Essential Mustard Oil 16 Kg Tin,7,155520,"385,250.00"
2026,September,Bagerhat Zone,Essential Mustard Oil 8 Kg Tin,7,155520,"232,085.00"
2026,September,Bagerhat Zone,Essential Puffed Rice 400 Gm,1,155520,108.00
2026,September,Bagerhat Zone,Essentials Turmeric Powder 5 Kg,3,155520,"6,000.00"
2026,September,Bagerhat Zone,Iodized Salt 1 kg,5,155520,"61,500.50"
2026,September,Bagerhat Zone,Iodized Salt 500gm,6,155520,"63,364.00"
2026,September,Bagerhat Zone,Katari Najir 5 kg (T),6,155520,"66,445.00"
2026,September,Bagerhat Zone,Lachcha Semai 200gm (C),5,155520,"36,138.00"
2026,September,Bagerhat Zone,Maida 1 kg,7,155520,"173,130.00"
2026,September,Bagerhat Zone,Maida 25 kg (C),2,155520,"169,050.00"
2026,September,Bagerhat Zone,Meat Masala 100gm (C),2,155520,"4,281.96"
2026,September,Bagerhat Zone,Miniket 25 kg (C),1,155520,"51,000.00"
2026,September,Bagerhat Zone,Miniket 5 kg (T),6,155520,"47,320.00"
2026,September,Bagerhat Zone,Mustard Oil 1000 ML with CP,1,155520,"1,812.00"
2026,September,Bagerhat Zone,Mustard Oil 5 Liter,4,155520,"23,500.00"
2026,September,Bagerhat Zone,Mustard Oil 8 Liter,1,155520,"28,440.00"
2026,September,Bagerhat Zone,Mustard oil 1000 ML,3,155520,"8,456.00"
2026,September,Bagerhat Zone,Mustard oil 200 ML,5,155520,"22,796.50"
2026,September,Bagerhat Zone,Mustard oil 250 ML,3,155520,"18,723.00"
2026,September,Bagerhat Zone,Mustard oil 500 ML,4,155520,"6,864.00"
2026,September,Bagerhat Zone,Mustard oil 80 ML,7,155520,"23,770.50"
2026,September,Bagerhat Zone,Premium Basmati 1 kg (T),7,155520,"31,850.00"
2026,September,Bagerhat Zone,Premium katari Ghee Bhog 5 kg (T),3,155520,"22,260.00"
2026,September,Bagerhat Zone,Roast Masala 35gm (C),2,155520,"5,510.50"
2026,September,Bagerhat Zone,Suji 200 g,7,155520,"33,388.00"
2026,September,Bagerhat Zone,Suji 500 g,7,155520,"75,120.00"
2026,September,Bagerhat Zone,Tea DUST 500 gm,5,155520,"21,060.00"
2026,September,Bagerhat Zone,Tea LEAF 500 gm,3,155520,"30,615.00"
2026,September,Barishal Zone,Atta 1 kg,8,380160,"749,543.00"
2026,September,Barishal Zone,Atta 2 kg,4,380160,"66,011.00"
2026,September,Barishal Zone,Atta 5 kg,6,380160,"223,952.00"
2026,September,Barishal Zone,Biryani Masala 40gm (C),4,380160,"2,100.00"
2026,September,Barishal Zone,Brown Atta 1 kg,5,380160,"94,055.00"
2026,September,Barishal Zone,Chicken Masala 100gm (C),2,380160,"8,138.00"
2026,September,Barishal Zone,Chinigura Premium 1 kg (T),4,380160,"150,780.00"
2026,September,Barishal Zone,Deshi Basmoti 25 Kg (C),1,380160,"21,375.00"
2026,September,Barishal Zone,Deshi Basmoti 5 Kg (T),4,380160,"52,250.00"
2026,September,Barishal Zone,Essential Miniket 10 kg(T),2,380160,"2,700.00"
2026,September,Barishal Zone,Essential Mustard Oil 16 Kg Tin,7,380160,"686,750.00"
2026,September,Barishal Zone,Essential Mustard Oil 8 Kg Tin,6,380160,"123,895.00"
2026,September,Barishal Zone,Essentials Chili Powder 5 Kg,3,380160,"13,700.00"
2026,September,Barishal Zone,Essentials Turmeric Powder 5 Kg,3,380160,"28,500.00"
2026,September,Barishal Zone,Iodized Salt 1 kg,5,380160,"177,916.00"
2026,September,Barishal Zone,Iodized Salt 500gm,1,380160,"6,840.00"
2026,September,Barishal Zone,Katari Najir 10 kg (T),1,380160,"1,920.00"
2026,September,Barishal Zone,Katari Najir 25 kg (C),1,380160,"91,960.00"
2026,September,Barishal Zone,Katari Najir 5 kg (T),3,380160,"23,280.00"
2026,September,Barishal Zone,Lachcha Semai 200gm (C),5,380160,"15,960.00"
2026,September,Barishal Zone,Lentil Medium- 25 Kg (C),1,380160,"2,275.00"
2026,September,Barishal Zone,Lentil Small- 25 Kg (C),1,380160,"29,500.00"
2026,September,Barishal Zone,Maida 1 kg,5,380160,"126,246.00"
2026,September,Barishal Zone,Maida 25 kg (C),4,380160,"208,725.00"
2026,September,Barishal Zone,Meat Masala 100gm (C),3,380160,"5,121.56"
2026,September,Barishal Zone,Miniket 5 kg (T),6,380160,"51,870.00"
2026,September,Barishal Zone,Mustard Oil 5 Liter,3,380160,"71,675.00"
2026,September,Barishal Zone,Mustard Oil 8 Liter,2,380160,"7,900.00"
2026,September,Barishal Zone,Mustard oil 1000 ML,4,380160,"12,684.00"
2026,September,Barishal Zone,Mustard oil 200 ML,8,380160,"17,272.00"
2026,September,Barishal Zone,Mustard oil 250 ML,3,380160,790.00
2026,September,Barishal Zone,Mustard oil 500 ML,6,380160,"23,556.00"
2026,September,Barishal Zone,Mustard oil 80 ML,7,380160,"26,102.50"
2026,September,Barishal Zone,Paijam 25 kg (C),1,380160,"18,180.00"
2026,September,Barishal Zone,Premium Basmati 1 kg (T),4,380160,"10,500.00"
2026,September,Barishal Zone,Roast Masala 35gm (C),3,380160,588.50
2026,September,Barishal Zone,Suji 500 g,7,380160,"181,800.00"
2026,September,Barishal Zone,Tea DUST 500 gm,4,380160,"59,280.00"
2026,September,Barishal Zone,Tea LEAF 500 gm,4,380160,"35,685.00"
2026,September,Bhola Zone,Atta 1 kg,6,95040,"601,716.50"
2026,September,Bhola Zone,Atta 25 kg,3,95040,"28,275.00"
2026,September,Bhola Zone,Atta 5 kg,2,95040,"14,097.00"
2026,September,Bhola Zone,Biryani Masala 40gm (C),4,95040,"4,300.00"
2026,September,Bhola Zone,Brown Atta 1 kg,6,95040,"73,710.00"
2026,September,Bhola Zone,Chicken Masala 100gm (C),1,95040,569.66
2026,September,Bhola Zone,Chinigura Premium 1 kg (T),4,95040,"23,100.00"
2026,September,Bhola Zone,Essential Miniket 10 kg(T),2,95040,"7,200.00"
2026,September,Bhola Zone,Essential Mustard Oil 16 Kg Tin,6,95040,"365,150.00"
2026,September,Bhola Zone,Essential Mustard Oil 8 Kg Tin,6,95040,"115,170.00"
2026,September,Bhola Zone,Essentials Chili Powder 5 Kg,3,95040,"83,900.00"
2026,September,Bhola Zone,Essentials Turmeric Powder 5 Kg,4,95040,"15,000.00"
2026,September,Bhola Zone,Iodized Salt 1 kg,5,95040,"66,744.50"
2026,September,Bhola Zone,Katari Najir 5 kg (T),3,95040,"13,580.00"
2026,September,Bhola Zone,Lachcha Semai 200gm (C),2,95040,"14,782.00"
2026,September,Bhola Zone,Lentil Medium- 25 Kg (C),4,95040,"59,150.00"
2026,September,Bhola Zone,Lentil Small- 25 Kg (C),1,95040,"14,750.00"
2026,September,Bhola Zone,Maida 1 kg,6,95040,"41,356.00"
2026,September,Bhola Zone,Meat Masala 100gm (C),1,95040,"1,091.48"
2026,September,Bhola Zone,Miniket 25 kg (C),1,95040,"61,625.00"
2026,September,Bhola Zone,Miniket 5 kg (T),5,95040,"43,225.00"
2026,September,Bhola Zone,Mustard Oil 5 Liter,3,95040,"17,625.00"
2026,September,Bhola Zone,Mustard Oil 8 Liter,1,95040,"7,900.00"
2026,September,Bhola Zone,Mustard oil 1000 ML,1,95040,"1,208.00"
2026,September,Bhola Zone,Mustard oil 200 ML,5,95040,"8,890.00"
2026,September,Bhola Zone,Mustard oil 250 ML,2,95040,"2,686.00"
2026,September,Bhola Zone,Mustard oil 500 ML,2,95040,"3,276.00"
2026,September,Bhola Zone,Mustard oil 80 ML,5,95040,"16,430.00"
2026,September,Bhola Zone,Paijam 25 kg (C),1,95040,"112,110.00"
2026,September,Bhola Zone,Red Lentil 1 kg,3,95040,"33,394.00"
2026,September,Bhola Zone,Roast Masala 35gm (C),3,95040,"2,247.00"
2026,September,Bhola Zone,Suji 200 g,2,95040,"2,295.00"
2026,September,Bhola Zone,Suji 500 g,6,95040,"267,080.00"
2026,September,Bhola Zone,Tea LEAF 500 gm,4,95040,"26,130.00"
2026,September,Bogura Zone,Atta 1 kg,4,181440,"95,988.00"
2026,September,Bogura Zone,Biryani Masala 40gm (C),1,181440,550.00
2026,September,Bogura Zone,Brown Atta 1 kg,4,181440,"73,615.00"
2026,September,Bogura Zone,Chinigura Premium 1 kg (T),3,181440,"68,880.00"
2026,September,Bogura Zone,Essential Mustard Oil 16 Kg Tin,1,181440,"3,350.00"
2026,September,Bogura Zone,Essentials Turmeric Powder 5 Kg,1,181440,"1,500.00"
2026,September,Bogura Zone,Iodized Salt 1 kg,4,181440,"72,483.00"
2026,September,Bogura Zone,Iodized Salt 500gm,4,181440,"59,929.00"
2026,September,Bogura Zone,Maida 1 kg,2,181440,"12,948.00"
2026,September,Bogura Zone,Mustard oil 200 ML,1,181440,127.00
2026,September,Bogura Zone,Mustard oil 250 ML,1,181440,474.00
2026,September,Bogura Zone,Mustard oil 500 ML,1,181440,936.00
2026,September,Bogura Zone,Mustard oil 80 ML,1,181440,"1,431.00"
2026,September,Bogura Zone,Premium Basmati 1 kg (T),2,181440,"22,750.00"
2026,September,Bogura Zone,Suji 200 g,3,181440,"9,345.00"
2026,September,Bogura Zone,Suji 500 g,2,181440,"18,520.00"
2026,September,Brahmanbaria Zone,Atta 1 kg,8,155520,"1,850,483.50"
2026,September,Brahmanbaria Zone,Atta 2 kg,4,155520,"214,149.00"
2026,September,Brahmanbaria Zone,Atta 5 kg,6,155520,"829,280.00"
2026,September,Brahmanbaria Zone,Biryani Masala 40gm (C),1,155520,600.00
2026,September,Brahmanbaria Zone,Brown Atta 1 kg,8,155520,"199,920.00"
2026,September,Brahmanbaria Zone,Chinigura Premium 1 kg (T),8,155520,"1,593,900.00"
2026,September,Brahmanbaria Zone,Essential Miniket 10 kg(T),1,155520,"1,800.00"
2026,September,Brahmanbaria Zone,Essential Mustard Oil 16 Kg Tin,6,155520,"157,100.00"
2026,September,Brahmanbaria Zone,Essential Mustard Oil 8 Kg Tin,1,155520,"12,190.00"
2026,September,Brahmanbaria Zone,Essential Puffed Rice 400 Gm,3,155520,"4,698.00"
2026,September,Brahmanbaria Zone,Essentials Chili Powder 5 Kg,1,155520,"39,250.00"
2026,September,Brahmanbaria Zone,Essentials Turmeric Powder 5 Kg,3,155520,"12,000.00"
2026,September,Brahmanbaria Zone,Iodized Salt 1 kg,8,155520,"430,922.00"
2026,September,Brahmanbaria Zone,Iodized Salt 500gm,6,155520,"106,136.00"
2026,September,Brahmanbaria Zone,Katari Najir 10 kg (T),3,155520,"119,040.00"
2026,September,Brahmanbaria Zone,Katari Najir 5 kg (T),5,155520,"63,050.00"
2026,September,Brahmanbaria Zone,Lachcha Semai 200gm (C),2,155520,"2,242.00"
2026,September,Brahmanbaria Zone,Lentil Medium- 25 Kg (C),3,155520,"18,100.00"
2026,September,Brahmanbaria Zone,Maida 1 kg,7,155520,"224,851.00"
2026,September,Brahmanbaria Zone,Miniket 5 kg (T),3,155520,"5,915.00"
2026,September,Brahmanbaria Zone,Mustard Oil 5 Liter,6,155520,"54,050.00"
2026,September,Brahmanbaria Zone,Mustard Oil 8 Liter,6,155520,"42,660.00"
2026,September,Brahmanbaria Zone,Mustard oil 1000 ML,1,155520,302.00
2026,September,Brahmanbaria Zone,Mustard oil 200 ML,7,155520,"36,068.00"
2026,September,Brahmanbaria Zone,Mustard oil 250 ML,3,155520,"3,792.00"
2026,September,Brahmanbaria Zone,Mustard oil 500 ML,4,155520,"6,240.00"
2026,September,Brahmanbaria Zone,Mustard oil 80 ML,8,155520,"28,249.00"
2026,September,Brahmanbaria Zone,Premium Basmati 1 kg (T),3,155520,"14,700.00"
2026,September,Brahmanbaria Zone,Premium katari Ghee Bhog 5 kg (T),6,155520,"122,960.00"
2026,September,Brahmanbaria Zone,Red Lentil 1 kg,3,155520,"4,956.00"
2026,September,Brahmanbaria Zone,Suji 200 g,1,155520,"23,381.00"
2026,September,Brahmanbaria Zone,Suji 500 g,8,155520,"226,560.00"
2026,September,Brahmanbaria Zone,Tea LEAF 500 gm,8,155520,"67,275.00"
2026,September,Chakbazar Zone,Atta 1 kg,6,172800,"802,109.00"
2026,September,Chakbazar Zone,Atta 2 kg,1,172800,666.00
2026,September,Chakbazar Zone,Atta 5 kg,4,172800,"402,212.00"
2026,September,Chakbazar Zone,Biryani Masala 40gm (C),1,172800,250.00
2026,September,Chakbazar Zone,Brown Atta 1 kg,6,172800,"223,060.00"
2026,September,Chakbazar Zone,Chicken Masala 100gm (C),1,172800,976.56
2026,September,Chakbazar Zone,Chinigura Premium 1 kg (T),4,172800,"330,330.00"
2026,September,Chakbazar Zone,Essential Mustard Oil 16 Kg Tin,6,172800,"418,750.00"
2026,September,Chakbazar Zone,Essential Mustard Oil 8 Kg Tin,2,172800,"15,705.00"
2026,September,Chakbazar Zone,Essential Puffed Rice 400 Gm,2,172800,594.00
2026,September,Chakbazar Zone,Essentials Chili Powder 5 Kg,3,172800,"52,050.00"
2026,September,Chakbazar Zone,Essentials Turmeric Powder 5 Kg,2,172800,"9,000.00"
2026,September,Chakbazar Zone,Iodized Salt 1 kg,5,172800,"540,947.50"
2026,September,Chakbazar Zone,Iodized Salt 500gm,5,172800,"132,180.50"
2026,September,Chakbazar Zone,Katari Najir 5 kg (T),2,172800,"19,885.00"
2026,September,Chakbazar Zone,Lentil Medium- 25 Kg (C),4,172800,"125,125.00"
